0xBDCE4C,Name,Details,ID,Support Class,Portrait,Map Portrait,B9,Unit Sort Order,LV,HP,POW,SKL,SPD,DEF,RES,LUK,CON,Sword,Lance,Axe,Bow,Staff,Anima,Light,Dark,HP,POW,SKL,SPD,DEF,RES,LUK,Base Battle Palette,Promo Battle Palette,Unique Base Anime,Unique Promo Anime,??,Ability 1,Ability 2,Ability 3,Ability 4,Support Data,Conversation Group,??,??,??
01 Eliwood,0x04DC,0x01AF,0x01,0x01,0x02,0x00,0x07,0x01,0x01,0x03,0x02,0x02,0x02,0x02,0x00,0x07,0x00,0x47,0x00,0x00,0x00,0x00,0x00,0x00,0x00,0x50,0x2D,0x32,0x28,0x1E,0x23,0x2D,0x2B,0x38,0x00,0x00,0x00,0x00,0x00,0x00,0x00,0xC98B18,0x00,0x00,0x00,0x00
02 Hector,0x04DD,0x01B0,0x02,0x03,0x0C,0x00,0x02,0x02,0x01,0x03,0x02,0x02,0x02,0x02,0x00,0x03,0x00,0x00,0x00,0x47,0x00,0x00,0x00,0x00,0x00,0x5A,0x3C,0x2D,0x23,0x32,0x19,0x1E,0x37,0x36,0x00,0x00,0x00,0x00,0x00,0x00,0x00,0xC98B30,0x02,0x00,0x00,0x00
03 Lyn,0x04DE,0x01B1,0x03,0x02,0x16,0x00,0x03,0x03,0x01,0x03,0x02,0x02,0x02,0x02,0x00,0x05,0x00,0x1F,0x00,0x00,0x00,0x00,0x00,0x00,0x00,0x46,0x28,0x3C,0x3C,0x14,0x1E,0x37,0x01,0x1B,0x00,0x00,0x00,0x00,0x40,0x00,0x00,0x00,0x07,0x00,0x00,0x00
04 Raven,0x04DF,0x01B4,0x04,0x0A,0x23,0x00,0x04,0x08,0x01,0x07,0x04,0x03,0x05,0x01,0x01,0x02,0xFF,0x47,0x00,0x00,0x00,0x00,0x00,0x00,0x00,0x55,0x37,0x28,0x2D,0x19,0x0F,0x23,0x3D,0x1E,0x00,0x0D,0x00,0x00,0x00,0x00,0x00,0xC98B60,0x01,0x00,0x00,0x00
05 Geitz,0x04E0,0x01B5,0x05,0x13,0x24,0x00,0x02,0x05,0x03,0x0C,0x09,0x07,0x07,0x06,0x03,0x0A,0x00,0x00,0x00,0x79,0x79,0x00,0x00,0x00,0x00,0x55,0x32,0x1E,0x28,0x14,0x14,0x28,0x00,0x73,0x00,0x00,0x00,0x00,0x00,0x00,0x00,0xC98BF0,0x02,0x00,0x00,0x00
06 Guy,0x04E1,0x01B6,0x06,0x0E,0x2C,0x00,0x01,0x06,0x01,0x05,0x02,0x02,0x02,0x03,0x00,0x05,0xFD,0x47,0x00,0x00,0x00,0x00,0x00,0x00,0x00,0x4B,0x1E,0x32,0x46,0x0F,0x19,0x2D,0x40,0x67,0x0E,0x0F,0x00,0x00,0x00,0x00,0x00,0xC98B90,0x05,0x00,0x00,0x00
07 Karel,0x04E2,0x01B7,0x07,0x10,0x26,0x00,0x06,0x07,0x01,0x0A,0x0A,0x0C,0x0A,0x08,0x0A,0x0F,0x00,0xB5,0x00,0x00,0x00,0x00,0x00,0x00,0x00,0x46,0x1E,0x32,0x32,0x0A,0x0F,0x1E,0x00,0x68,0x00,0x00,0x00,0x00,0x00,0x00,0x00,0xC98BA8,0x01,0x00,0x00,0x00
08 Dorcas,0x04E3,0x01B2,0x08,0x12,0x27,0x00,0x01,0x08,0x03,0x0A,0x02,0x05,0x02,0x01,0x00,0x03,0x03,0x00,0x00,0x47,0x00,0x00,0x00,0x00,0x00,0x50,0x3C,0x28,0x14,0x19,0x0F,0x2D,0x30,0x72,0x00,0x00,0x00,0x00,0x00,0x00,0x00,0xC98BC0,0x01,0x00,0x00,0x00
09 Bartre,0x04E4,0x01B3,0x09,0x12,0x28,0x00,0x02,0x09,0x02,0x09,0x04,0x03,0xFF,0x02,0x00,0x04,0x02,0x00,0x00,0x1F,0x00,0x00,0x00,0x00,0x00,0x55,0x32,0x23,0x28,0x1E,0x19,0x1E,0x2F,0x70,0x00,0x00,0x00,0x00,0x00,0x00,0x00,0xC98BD8,0x04,0x00,0x00,0x00
0A Citizen,0x054B,0x054B,0x0A,0x47,0x00,0x06,0x00,0x00,0x01,0x00,0x00,0x00,0x00,0x02,0xFF,0x00,0x00,0x00,0x00,0x00,0x00,0x00,0x00,0x00,0x00,0x55,0x19,0x3C,0x0A,0x0F,0x0F,0x19,0x00,0x00,0x00,0x00,0x00,0x00,0x00,0x00,0x00,0x00,0x03,0x00,0x00,0x00
0B Oswin,0x04E5,0x01B8,0x0B,0x14,0x29,0x00,0x07,0x0A,0x09,0x0B,0x08,0x07,0x05,0x04,0x03,0x03,0x01,0x00,0x79,0x00,0x00,0x00,0x00,0x00,0x00,0x5A,0x28,0x1E,0x1E,0x37,0x1E,0x23,0x08,0x33,0x00,0x00,0x00,0x00,0x00,0x00,0x00,0xC98C08,0x03,0x00,0x00,0x00
0C Fargus,0x04E6,0x01B9,0x0C,0x3B,0x50,0x00,0x02,0x0B,0x12,0x22,0x11,0x09,0x07,0x0C,0x11,0x0F,0x02,0x00,0x00,0xB5,0x00,0x00,0x00,0x00,0x00,0x5A,0x28,0x1E,0x1E,0x37,0x1E,0x23,0x00,0x22,0x00,0x00,0x00,0x00,0x00,0x00,0x00,0x00,0x01,0x00,0x00,0x00
0D Wil,0x04E7,0x01BA,0x0D,0x18,0x2B,0x00,0x03,0x0C,0x03,0x02,0x02,0x02,0x02,0x02,0x00,0x06,0xFF,0x00,0x00,0x00,0x1F,0x00,0x00,0x00,0x00,0x4B,0x32,0x32,0x28,0x14,0x19,0x28,0x03,0x60,0x00,0x00,0x00,0x00,0x00,0x00,0x00,0x00,0x05,0x00,0x00,0x00
0E Rebecca,0x04E8,0x01BB,0x0E,0x19,0x48,0x00,0x01,0x0D,0x01,0x00,0x01,0x02,0x02,0x00,0x01,0x04,0x00,0x00,0x00,0x00,0x1F,0x00,0x00,0x00,0x00,0x3C,0x28,0x32,0x3C,0x0F,0x1E,0x32,0x02,0x5E,0x00,0x00,0x00,0x00,0x40,0x00,0x00,0xC98C38,0x07,0x00,0x00,0x00
0F Louise,0x04E9,0x01BC,0x0F,0x1B,0x3B,0x00,0x06,0x0E,0x01,0x09,0x06,0x08,0x0A,0x04,0x09,0x10,0x00,0x00,0x00,0x00,0xB5,0x00,0x00,0x00,0x00,0x3C,0x28,0x28,0x28,0x14,0x1E,0x1E,0x00,0x5D,0x00,0x00,0x00,0x00,0x40,0x00,0x00,0xC98C50,0x0B,0x00,0x00,0x00
10 Lucius,0x04EA,0x01BD,0x10,0x1C,0x3D,0x00,0x06,0x0F,0x03,0x00,0x06,0x05,0x08,0x00,0x01,0x02,0x00,0x00,0x00,0x00,0x00,0x00,0x00,0x1F,0x00,0x37,0x3C,0x32,0x28,0x0A,0x3C,0x14,0x3F,0x1A,0x01,0x02,0x00,0x00,0x00,0x00,0x00,0xC98C68,0x0C,0x00,0x00,0x00
11 Serra,0x04EB,0x01BE,0x11,0x1D,0x3E,0x00,0x02,0x10,0x01,0x01,0x01,0x03,0x06,0x02,0xFF,0x06,0x00,0x00,0x00,0x00,0x00,0x1F,0x00,0x00,0x00,0x32,0x32,0x1E,0x28,0x0F,0x37,0x3C,0x53,0x17,0x00,0x00,0x00,0x00,0x40,0x00,0x00,0xC98C80,0x08,0x00,0x00,0x00
12 Renault,0x04EC,0x01BF,0x12,0x1E,0x45,0x00,0x07,0x11,0x10,0x16,0x08,0x12,0x10,0x0C,0x0A,0x0A,0x02,0x00,0x00,0x00,0x00,0xB5,0x00,0xB5,0x00,0x3C,0x28,0x1E,0x23,0x14,0x28,0x0F,0x00,0x19,0x00,0x00,0x00,0x00,0x00,0x00,0x00,0xC98C98,0x01,0x00,0x00,0x00
13 Erk,0x04ED,0x01C0,0x13,0x20,0x38,0x00,0x02,0x12,0x01,0x01,0x04,0x04,0x04,0xFF,0x01,0x03,0xFF,0x00,0x00,0x00,0x00,0x00,0x1F,0x00,0x00,0x41,0x28,0x28,0x32,0x14,0x28,0x1E,0x3A,0x58,0x00,0x00,0x00,0x00,0x00,0x00,0x00,0xC98CB0,0x03,0x00,0x00,0x00
14 Nino,0x04EE,0x01C1,0x14,0x21,0x39,0x00,0x01,0x13,0x05,0x03,0x06,0x05,0x09,0x02,0x03,0x0A,0x00,0x00,0x00,0x00,0x00,0x00,0x47,0x00,0x00,0x37,0x32,0x37,0x3C,0x0F,0x32,0x2D,0x39,0x55,0x00,0x0A,0x00,0x00,0x40,0x00,0x00,0xC98CC8,0x0D,0x00,0x00,0x00
15 Pent,0x04EF,0x01C2,0x15,0x22,0x3A,0x00,0x04,0x14,0x06,0x0D,0x0D,0x11,0x0D,0x06,0x0B,0x0E,0x01,0x00,0x00,0x00,0x00,0xB5,0xB5,0x00,0x00,0x32,0x1E,0x14,0x28,0x1E,0x23,0x28,0x00,0x59,0x00,0x00,0x00,0x00,0x00,0x00,0x00,0xC98CE0,0x03,0x00,0x00,0x00
16 Canas,0x04F0,0x01C3,0x16,0x24,0x3C,0x00,0x07,0x15,0x08,0x05,0x08,0x08,0x06,0x03,0x04,0x07,0x00,0x00,0x00,0x00,0x00,0x00,0x00,0x00,0x79,0x46,0x2D,0x28,0x23,0x19,0x2D,0x19,0x5A,0x29,0x00,0x00,0x00,0x00,0x00,0x00,0x00,0xC98CF8,0x00,0x00,0x00,0x00
17 Kent,0x04F1,0x01C4,0x17,0x28,0x2F,0x00,0x07,0x16,0x01,0x00,0x01,0x04,0x02,0xFF,0x01,0x02,0x00,0x1F,0x01,0x00,0x00,0x00,0x00,0x00,0x00,0x55,0x28,0x32,0x2D,0x19,0x19,0x14,0x62,0x49,0x00,0x00,0x00,0x00,0x00,0x00,0x00,0x00,0x03,0x00,0x00,0x00
18 Sain,0x04F2,0x01C5,0x18,0x28,0x30,0x00,0x03,0x17,0x01,0xFF,0x03,0x02,0x01,0x00,0x00,0x04,0x00,0x01,0x1F,0x00,0x00,0x00,0x00,0x00,0x00,0x50,0x3C,0x23,0x28,0x14,0x14,0x23,0x64,0x4E,0x00,0x00,0x00,0x00,0x00,0x00,0x00,0x00,0x00,0x00,0x00,0x00
19 Lowen,0x04F3,0x01C6,0x19,0x28,0x31,0x00,0x01,0x18,0x02,0x03,0x02,0x03,0x02,0x01,0x00,0x03,0x01,0x1F,0x1F,0x00,0x00,0x00,0x00,0x00,0x00,0x5A,0x1E,0x1E,0x1E,0x28,0x1E,0x32,0x63,0x4A,0x00,0x00,0x00,0x00,0x00,0x00,0x00,0xC98D40,0x00,0x00,0x00,0x00
1A Marcus,0x04F4,0x01C7,0x1A,0x2A,0x32,0x00,0x04,0x19,0x01,0x08,0x08,0x0B,0x04,0x02,0x05,0x08,0x00,0xB5,0xB5,0x79,0x00,0x00,0x00,0x00,0x00,0x41,0x1E,0x32,0x19,0x0F,0x23,0x1E,0x00,0x4B,0x00,0x00,0x00,0x00,0x00,0x00,0x00,0xC98D58,0x04,0x00,0x00,0x00
1B Priscilla,0x04F5,0x01C8,0x1B,0x2C,0x3F,0x00,0x03,0x1A,0x03,0x01,0x05,0x05,0x05,0x01,0x01,0x07,0xFF,0x00,0x00,0x00,0x00,0x47,0x00,0x00,0x00,0x2D,0x28,0x32,0x28,0x0F,0x32,0x41,0x6D,0x6E,0x00,0x00,0x00,0x00,0x40,0x00,0x00,0xC98D70,0x0B,0x00,0x00,0x00
1C Rath,0x04F6,0x01C9,0x1C,0x2E,0x2E,0x00,0x05,0x1B,0x07,0x09,0x03,0x05,0x05,0x03,0x02,0x05,0x01,0x00,0x00,0x00,0x47,0x00,0x00,0x00,0x00,0x50,0x32,0x28,0x32,0x0A,0x19,0x1E,0x41,0x43,0x00,0x00,0x00,0x00,0x00,0x00,0x00,0x00,0x06,0x00,0x00,0x00
1D Florina,0x04F7,0x01CA,0x1D,0x32,0x33,0x00,0x06,0x1C,0x01,0x03,0x01,0x02,0x04,0x01,0x02,0x07,0xFF,0x00,0x1F,0x00,0x00,0x00,0x00,0x00,0x00,0x3C,0x28,0x32,0x37,0x0F,0x23,0x32,0x51,0x2E,0x00,0x00,0x00,0x00,0x40,0x20,0x00,0x00,0x0C,0x00,0x00,0x00
1E Fiora,0x04F8,0x01CB,0x1E,0x32,0x35,0x00,0x03,0x1D,0x07,0x07,0x04,0x06,0x08,0x03,0x05,0x06,0x00,0x00,0x47,0x00,0x00,0x00,0x00,0x00,0x00,0x46,0x23,0x3C,0x32,0x14,0x32,0x1E,0x50,0x2D,0x00,0x00,0x00,0x00,0x40,0x20,0x00,0xC98DB8,0x07,0x00,0x00,0x00
1F Farina,0x04F9,0x01CC,0x1F,0x32,0x40,0x00,0x07,0x1E,0x0C,0x0A,0x06,0x08,0x09,0x07,0x0A,0x0A,0x00,0x00,0xB5,0x00,0x00,0x00,0x00,0x00,0x00,0x4B,0x32,0x28,0x2D,0x19,0x1E,0x2D,0x4F,0x2C,0x00,0x00,0x00,0x00,0x40,0x20,0x00,0xC98DD0,0x08,0x00,0x00,0x00
20 Heath,0x04FA,0x01CD,0x20,0x34,0x36,0x00,0x02,0x1F,0x07,0x08,0x04,0x05,0x02,0x02,0x01,0x07,0xFF,0x00,0x79,0x00,0x00,0x00,0x00,0x00,0x00,0x50,0x32,0x32,0x2D,0x1E,0x14,0x14,0x25,0x26,0x00,0x00,0x00,0x00,0x00,0x00,0x00,0xC98DE8,0x00,0x00,0x00,0x00
21 Vaida,0x04FB,0x01CE,0x21,0x37,0x37,0x00,0x01,0x20,0x09,0x13,0x0C,0x0C,0x06,0x0C,0x04,0x0B,0x02,0xB5,0xB5,0x00,0x00,0x00,0x00,0x00,0x00,0x3C,0x2D,0x19,0x28,0x19,0x0F,0x1E,0x00,0x27,0x00,0x00,0x00,0x00,0x40,0x00,0x00,0xC98E00,0x09,0x00,0x00,0x00
22 Hawkeye,0x04FC,0x01D0,0x22,0x3B,0x1F,0x00,0x03,0x21,0x04,0x1A,0x0B,0x08,0x04,0x08,0x0A,0x0D,0x03,0x00,0x00,0xB5,0x00,0x00,0x00,0x00,0x00,0x32,0x28,0x1E,0x19,0x14,0x23,0x28,0x00,0x16,0x00,0x10,0x00,0x00,0x00,0x00,0x00,0xC98E18,0x06,0x00,0x00,0x00
23 Matthew,0x04FD,0x01D1,0x23,0x3C,0x20,0x00,0x03,0x22,0x02,0x02,0x01,0x03,0x02,0x01,0x00,0x02,0x01,0x1F,0x00,0x00,0x00,0x00,0x00,0x00,0x00,0x4B,0x1E,0x28,0x46,0x19,0x14,0x32,0x6C,0x0F,0x00,0x00,0x00,0x00,0x00,0x00,0x00,0xC98E30,0x02,0x00,0x00,0x00
24 Jaffar,0x04FE,0x01D2,0x24,0x3E,0x21,0x00,0x04,0x23,0x0D,0x12,0x10,0x18,0x0F,0x0D,0x0B,0x0A,0x02,0xB5,0x00,0x00,0x00,0x00,0x00,0x00,0x00,0x41,0x0F,0x28,0x23,0x1E,0x1E,0x14,0x00,0x0C,0x00,0x00,0x00,0x00,0x00,0x00,0x00,0xC98E48,0x06,0x00,0x00,0x00
25 Ninian,0x04FF,0x01D3,0x25,0x40,0x1C,0x00,0x04,0x24,0x01,0x00,0xFF,0xFE,0x05,0x05,0x03,0x0A,0x00,0x00,0x00,0x00,0x00,0x00,0x00,0x00,0x00,0x55,0x05,0x05,0x46,0x1E,0x46,0x50,0x24,0x24,0x00,0x00,0x00,0x00,0x40,0x00,0x00,0xC98E60,0x0C,0x00,0x00,0x00
26 Nils,0x0500,0x01D4,0x26,0x41,0x41,0x00,0x04,0x25,0x01,0x00,0xFF,0xFE,0x05,0x04,0x04,0x0A,0x00,0x00,0x00,0x00,0x00,0x00,0x00,0x00,0x00,0x55,0x05,0x05,0x46,0x1E,0x46,0x50,0x20,0x20,0x00,0x00,0x00,0x00,0x00,0x00,0x00,0x00,0x0D,0x00,0x00,0x00
27 Athos,0x0501,0x01D5,0x27,0x42,0x1B,0x00,0x07,0x26,0x14,0x14,0x17,0x14,0x0F,0x0F,0x14,0x19,0x00,0x00,0x00,0x00,0x00,0xFB,0xFB,0xFB,0xFB,0x00,0x00,0x00,0x00,0x00,0x00,0x00,0x65,0x65,0x00,0x00,0x00,0x00,0x00,0x00,0x00,0x00,0x04,0x00,0x00,0x00
28 Merlinus,0x0502,0x01D6,0x28,0x44,0x4A,0x00,0x05,0x27,0x05,0x03,0x00,0x01,0x02,0x02,0x02,0x0C,0x00,0x00,0x00,0x00,0x00,0x00,0x00,0x00,0x00,0x78,0x00,0x5A,0x5A,0x1E,0x0F,0x64,0x00,0x00,0x00,0x00,0x00,0x00,0x00,0x00,0x00,0xC98E78,0x04,0x00,0x00,0x00
29 Nils,0x0500,0x01D4,0x29,0x41,0x41,0x00,0x04,0x25,0x01,0x00,0xFF,0xFE,0x05,0x04,0x04,0x0A,0x00,0x00,0x00,0x00,0x00,0x00,0x00,0x00,0x00,0x55,0x05,0x05,0x46,0x1E,0x46,0x50,0x20,0x20,0x00,0x00,0x00,0x00,0x00,0x00,0x00,0x00,0x0D,0x00,0x00,0x00
2A Uther,0x0504,0x01DE,0x2A,0x16,0x4E,0x00,0x07,0x00,0x10,0x23,0x10,0x10,0x0C,0x09,0x0A,0x0C,0x01,0x00,0xB5,0xFB,0x00,0x00,0x00,0x00,0x00,0x41,0x46,0x1E,0x14,0x1E,0x1E,0x0F,0x00,0x00,0x00,0x00,0x00,0x00,0x00,0x00,0x00,0x00,0x04,0x00,0x00,0x00
2B Vaida,0x04FB,0x01CF,0x2B,0x37,0x37,0x00,0x01,0x20,0x09,0x13,0x0C,0x0C,0x06,0x0C,0x04,0x00,0x02,0xB5,0xB5,0x00,0x00,0x00,0x00,0x00,0x00,0x3C,0x2D,0x19,0x28,0x19,0x0F,0x1E,0x00,0x27,0x00,0x00,0x00,0x00,0xC0,0x08,0x00,0x00,0x09,0x00,0x00,0x00
2C Wallace,0x0507,0x01D8,0x2C,0x14,0x49,0x00,0x02,0x28,0x0C,0x0D,0x08,0x05,0x05,0x06,0x02,0x0A,0x00,0x00,0xB5,0x00,0x00,0x00,0x00,0x00,0x00,0x46,0x2D,0x28,0x14,0x23,0x23,0x1E,0x09,0x34,0x00,0x00,0x00,0x00,0x00,0x00,0x00,0xC98E90,0x04,0x00,0x00,0x00
2D Lyn,0x04DE,0x01B1,0x2D,0x02,0x16,0x00,0x03,0x03,0x04,0x02,0x01,0x03,0x02,0x00,0x00,0x05,0x00,0x47,0x00,0x00,0x00,0x00,0x00,0x00,0x00,0x46,0x28,0x3C,0x3C,0x14,0x1E,0x37,0x01,0x1B,0x00,0x00,0x00,0x00,0x40,0x00,0x00,0xC98B48,0x07,0x00,0x00,0x00
2E Wil,0x04E7,0x01BA,0x2E,0x18,0x2B,0x00,0x03,0x0C,0x04,0x03,0x02,0x02,0x03,0x02,0x01,0x07,0xFF,0x00,0x00,0x00,0x1F,0x00,0x00,0x00,0x00,0x4B,0x32,0x32,0x28,0x14,0x19,0x28,0x03,0x60,0x00,0x00,0x00,0x00,0x00,0x00,0x00,0xC98C20,0x05,0x00,0x00,0x00
2F Kent,0x04F1,0x01C4,0x2F,0x28,0x2F,0x00,0x07,0x16,0x05,0x03,0x03,0x05,0x03,0x00,0x01,0x04,0x00,0x1F,0x1F,0x00,0x00,0x00,0x00,0x00,0x00,0x55,0x28,0x32,0x2D,0x19,0x19,0x14,0x62,0x49,0x00,0x00,0x00,0x00,0x00,0x00,0x00,0xC98D10,0x03,0x00,0x00,0x00
30 Sain,0x04F2,0x01C5,0x30,0x28,0x30,0x00,0x03,0x17,0x04,0x02,0x04,0x03,0x02,0x01,0x00,0x05,0x00,0x1F,0x1F,0x00,0x00,0x00,0x00,0x00,0x00,0x50,0x3C,0x23,0x28,0x14,0x14,0x23,0x64,0x4E,0x00,0x00,0x00,0x00,0x00,0x00,0x00,0xC98D28,0x00,0x00,0x00,0x00
31 Florina,0x04F7,0x01CA,0x31,0x32,0x33,0x00,0x06,0x1C,0x03,0x04,0x02,0x03,0x04,0x01,0x03,0x08,0xFF,0x00,0x1F,0x00,0x00,0x00,0x00,0x00,0x00,0x3C,0x28,0x32,0x37,0x0F,0x23,0x32,0x51,0x2E,0x00,0x00,0x00,0x00,0x40,0x20,0x00,0xC98DA0,0x0C,0x00,0x00,0x00
32 Rath,0x04F6,0x01C9,0x32,0x2E,0x2E,0x00,0x05,0x1B,0x09,0x0B,0x04,0x06,0x06,0x04,0x02,0x05,0x00,0x00,0x00,0x00,0x79,0x00,0x00,0x00,0x00,0x50,0x32,0x28,0x32,0x0A,0x19,0x1E,0x41,0x43,0x00,0x00,0x00,0x00,0x00,0x00,0x00,0xC98D88,0x06,0x00,0x00,0x00
33 Dart,0x0506,0x01D7,0x33,0x3A,0x2A,0x00,0x01,0x00,0x08,0x0F,0x08,0x06,0x02,0x03,0x01,0x03,0x00,0x00,0x00,0x79,0x00,0x00,0x00,0x00,0x00,0x46,0x41,0x14,0x3C,0x14,0x0F,0x23,0x52,0x21,0x00,0x00,0x00,0x00,0x00,0x00,0x00,0xC98EA8,0x02,0x00,0x00,0x00
34 Isadora,0x0508,0x01D9,0x34,0x2B,0x46,0x00,0x05,0x1E,0x01,0x05,0x07,0x06,0x05,0x01,0x00,0x0A,0xFD,0xB5,0x79,0x1F,0x00,0x00,0x00,0x00,0x00,0x4B,0x1E,0x23,0x32,0x14,0x19,0x2D,0x00,0x45,0x00,0x09,0x00,0x00,0x40,0x00,0x00,0xC98ED8,0x0A,0x00,0x00,0x00
35 Eleanora,0x0503,0x01DD,0x35,0x4C,0x4C,0x00,0x05,0x00,0x01,0x04,0x04,0x04,0x04,0x04,0x04,0x04,0x00,0x00,0x00,0x00,0x00,0x00,0xB5,0x00,0x00,0x32,0x1E,0x14,0x28,0x0A,0x28,0x32,0x00,0x00,0x00,0x00,0x00,0x00,0x40,0x00,0x00,0x00,0x00,0x00,0x00,0x00
36 Legault,0x050A,0x01DA,0x36,0x3C,0x25,0x00,0x04,0x23,0x0C,0x0A,0x05,0x0A,0x06,0x06,0x03,0x0A,0x03,0x47,0x00,0x00,0x00,0x00,0x00,0x00,0x00,0x3C,0x19,0x2D,0x3C,0x19,0x19,0x3C,0x6B,0x0E,0x0B,0x0C,0x00,0x00,0x00,0x00,0x00,0xC98EC0,0x02,0x00,0x00,0x00
37 Karla,0x050C,0x01DC,0x37,0x11,0x2D,0x00,0x05,0x1C,0x05,0x0A,0x08,0x0A,0x06,0x07,0x09,0x10,0x00,0xB5,0x00,0x00,0x00,0x00,0x00,0x00,0x00,0x3C,0x19,0x2D,0x37,0x0A,0x14,0x28,0x00,0x66,0x00,0x00,0x00,0x00,0x40,0x00,0x00,0xC98EF0,0x03,0x00,0x00,0x00
38 Harken,0x050B,0x01DB,0x38,0x0C,0x47,0x00,0x01,0x00,0x08,0x10,0x0F,0x0B,0x07,0x07,0x08,0x0C,0x01,0x79,0x00,0x79,0x00,0x00,0x00,0x00,0x00,0x50,0x23,0x1E,0x28,0x1E,0x19,0x14,0x00,0x1C,0x00,0x00,0x00,0x00,0x00,0x00,0x00,0xC98B78,0x03,0x00,0x00,0x00
39 Leila,0x050D,0x01DF,0x39,0x3D,0x57,0x00,0x03,0x27,0x0E,0x09,0x0C,0x0D,0x0C,0x0B,0x0D,0x08,0x00,0xFB,0x00,0x00,0x00,0x00,0x00,0x00,0x00,0x50,0x46,0x41,0x00,0x1E,0x28,0x37,0x6A,0x00,0x00,0x00,0x00,0x00,0x40,0x00,0x00,0x00,0x07,0x00,0x00,0x00
3A Bramimond,0x050E,0x01E0,0x3A,0x26,0x5C,0x00,0x05,0x16,0x12,0x00,0x00,0x00,0x00,0x00,0x00,0x1C,0x00,0x00,0x00,0x00,0x00,0xFB,0x00,0x00,0xFB,0x5A,0x6E,0x50,0x5A,0x1E,0x5A,0x46,0x00,0x00,0x00,0x00,0x00,0x00,0x00,0x00,0x00,0x00,0x0A,0x00,0x00,0x00
3B Kishuna,0x050F,0x01EE,0x3B,0x43,0x7D,0x00,0x05,0x00,0x01,0x00,0x00,0x00,0x00,0x00,0x00,0x00,0x00,0x00,0x00,0x00,0x00,0x00,0x00,0x00,0x00,0x55,0x32,0x0A,0x0A,0x0A,0x0F,0x1E,0x77,0x77,0x00,0x00,0x00,0x00,0x80,0x08,0x00,0x00,0x04,0x00,0x00,0x00
3C Groznyi,0x0511,0x01F3,0x3C,0x39,0x6E,0x00,0x00,0x00,0x05,0x05,0x02,0x03,0xFF,0x01,0x02,0x01,0x00,0x00,0x00,0x00,0x00,0x00,0x00,0x00,0x00,0x55,0x32,0x0A,0x0A,0x0A,0x0F,0x1E,0x78,0x00,0x00,0x00,0x00,0x00,0x80,0x00,0x00,0x00,0x04,0x00,0x00,0x00
3D Wire,0x0510,0x01EF,0x3D,0x14,0x6F,0x00,0x00,0x00,0x07,0x08,0x04,0x04,0x03,0x04,0x03,0x03,0x00,0x00,0x00,0x00,0x00,0x00,0x00,0x00,0x00,0x55,0x32,0x0A,0x0A,0x0A,0x0F,0x1E,0x0A,0x00,0x00,0x00,0x00,0x00,0x80,0x00,0x00,0x00,0x04,0x00,0x00,0x00
3E Bandit,0x054F,0x021D,0x3E,0x39,0x00,0x03,0x00,0x00,0x01,0x00,0x00,0x00,0x00,0x00,0x00,0x00,0x00,0x00,0x00,0x00,0x00,0x00,0x00,0x00,0x00,0x3C,0x14,0x1E,0x23,0x0F,0x0F,0x19,0x00,0x00,0x00,0x00,0x00,0x00,0x00,0x00,0x00,0x00,0x03,0x00,0x00,0x00
3F Zagan,0x0512,0x01F4,0x3F,0x12,0x70,0x00,0x00,0x00,0x09,0x0C,0x06,0x02,0x02,0x04,0x05,0x02,0x03,0x00,0x00,0x00,0x00,0x00,0x00,0x00,0x00,0x55,0x32,0x0A,0x0A,0x0A,0x0F,0x1E,0x14,0x00,0x00,0x00,0x00,0x00,0x80,0x00,0x00,0x00,0x04,0x00,0x00,0x00
40 Boies,0x0513,0x01F7,0x40,0x14,0x71,0x00,0x00,0x00,0x0D,0x0A,0x07,0x06,0x04,0x04,0x07,0x01,0x00,0x00,0x00,0x00,0x00,0x00,0x00,0x00,0x00,0x55,0x32,0x0A,0x0A,0x0A,0x0F,0x1E,0x04,0x00,0x00,0x00,0x00,0x00,0x80,0x00,0x00,0x00,0x04,0x00,0x00,0x00
41 Puzon,0x0514,0x01F5,0x41,0x0A,0x8E,0x00,0x00,0x00,0x0A,0x08,0x06,0x00,0x01,0x02,0x06,0x05,0x02,0x1F,0x00,0x00,0x00,0x00,0x00,0x00,0x00,0x3C,0x14,0x1E,0x23,0x0F,0x0F,0x19,0x3E,0x00,0x00,0x00,0x00,0x00,0x80,0x00,0x00,0x00,0x00,0x00,0x00,0x00
42 Bandit,0x054F,0x021D,0x42,0x39,0x00,0x03,0x00,0x00,0x01,0x00,0x00,0x00,0x00,0x00,0x00,0x00,0x00,0x00,0x00,0x00,0x00,0x00,0x00,0x00,0x00,0x3C,0x14,0x1E,0x23,0x0F,0x0F,0x19,0x00,0x00,0x00,0x00,0x00,0x00,0x00,0x00,0x00,0x00,0x03,0x00,0x00,0x00
43 Santals,0x0516,0x01F2,0x43,0x1E,0x6C,0x00,0x00,0x00,0x01,0x08,0x04,0x03,0x02,0x02,0x00,0x00,0x00,0x00,0x00,0x00,0x00,0x00,0x00,0x00,0x00,0x55,0x32,0x0A,0x0A,0x0A,0x0F,0x1E,0x00,0x00,0x00,0x00,0x00,0x00,0x80,0x00,0x00,0x00,0x04,0x00,0x00,0x00
44 Nergal,0x0517,0x01F0,0x44,0x45,0x61,0x00,0x00,0x00,0x14,0x37,0x16,0x0E,0x0A,0x14,0x14,0x14,0x00,0x00,0x00,0x00,0x00,0xFB,0xFB,0xFB,0xFB,0x55,0x32,0x0A,0x0A,0x0A,0x0F,0x1E,0x28,0x00,0x00,0x00,0x00,0x00,0x80,0x00,0x00,0x00,0x04,0x00,0x00,0x00
45 Erik,0x0518,0x01F8,0x45,0x28,0x6B,0x00,0x00,0x00,0x0E,0x08,0x03,0x07,0x03,0x02,0x09,0x06,0x01,0x47,0xB5,0x00,0x00,0x00,0x00,0x00,0x00,0x55,0x32,0x0A,0x0A,0x0A,0x0F,0x1E,0x61,0x00,0x00,0x00,0x00,0x00,0x80,0x00,0x08,0x00,0x04,0x00,0x00,0x00
46 Sealen,0x0519,0x01F1,0x46,0x2E,0x72,0x00,0x00,0x00,0x0F,0x0A,0x05,0x05,0x02,0x03,0x06,0x0A,0x00,0x00,0x00,0x00,0x00,0x00,0x00,0x00,0x00,0x55,0x32,0x0A,0x0A,0x0A,0x0F,0x1E,0x42,0x00,0x00,0x00,0x00,0x00,0x80,0x00,0x08,0x00,0x04,0x00,0x00,0x00
47 Bauker,0x051A,0x01F9,0x47,0x14,0x73,0x00,0x00,0x00,0x12,0x0E,0x08,0x08,0x04,0x02,0x0B,0x04,0x01,0x00,0x00,0x00,0x00,0x00,0x00,0x00,0x00,0x55,0x32,0x0A,0x0A,0x0A,0x0F,0x1E,0x06,0x00,0x00,0x00,0x00,0x00,0x80,0x00,0x00,0x00,0x04,0x00,0x00,0x00
48 Bernard,0x051B,0x01FA,0x48,0x16,0x74,0x00,0x00,0x00,0x01,0x08,0x06,0x05,0x00,0x00,0x07,0x02,0x00,0x00,0x00,0x00,0x00,0x00,0x00,0x00,0x00,0x55,0x32,0x0A,0x0A,0x0A,0x0F,0x1E,0x00,0x31,0x00,0x00,0x00,0x00,0x80,0x00,0x00,0x00,0x04,0x00,0x00,0x00
49 Damian,0x051C,0x01FB,0x49,0x2A,0x75,0x00,0x00,0x00,0x05,0x0B,0x05,0x03,0xFE,0x06,0x0A,0x02,0x00,0xB5,0x00,0x00,0x00,0x00,0x00,0x00,0x00,0x55,0x32,0x0A,0x0A,0x0A,0x0F,0x1E,0x00,0x47,0x00,0x00,0x00,0x00,0x80,0x00,0x00,0x00,0x04,0x00,0x00,0x00
4A Zoldam,0x051D,0x01FC,0x4A,0x24,0x76,0x00,0x00,0x00,0x12,0x0C,0x0A,0x0A,0x08,0x05,0x0B,0x08,0x00,0x00,0x00,0x00,0x00,0x00,0x00,0x00,0x79,0x55,0x32,0x0A,0x0A,0x0A,0x0F,0x1E,0x5C,0x00,0x00,0x00,0x00,0x00,0x80,0x00,0x00,0x00,0x04,0x00,0x00,0x00
4B Uhai,0x051E,0x01FD,0x4B,0x30,0x77,0x00,0x00,0x00,0x07,0x0C,0x08,0x07,0x05,0x06,0x0A,0x04,0x02,0x79,0x00,0x00,0xB5,0x00,0x00,0x00,0x00,0x55,0x32,0x0A,0x0A,0x0A,0x0F,0x1E,0x00,0x44,0x00,0x00,0x00,0x00,0x80,0x00,0x08,0x00,0x04,0x00,0x00,0x00
4C Aion,0x051F,0x01FE,0x4C,0x22,0x78,0x00,0x00,0x00,0x04,0x0C,0x07,0x05,0x08,0x01,0x0B,0x09,0x00,0x00,0x00,0x00,0x00,0x00,0x79,0x00,0x00,0x55,0x32,0x0A,0x0A,0x0A,0x0F,0x1E,0x00,0x57,0x00,0x00,0x00,0x00,0x80,0x00,0x00,0x00,0x04,0x00,0x00,0x00
4D Darin,0x0520,0x01FF,0x4D,0x16,0x6A,0x00,0x00,0x00,0x05,0x0D,0x06,0x05,0x05,0x02,0x0A,0x02,0x00,0x00,0xB5,0xB5,0x00,0x00,0x00,0x00,0x00,0x55,0x32,0x0A,0x0A,0x0A,0x0F,0x1E,0x00,0x32,0x00,0x00,0x00,0x00,0x80,0x00,0x00,0x00,0x04,0x00,0x00,0x00
4E Cameron,0x0521,0x0200,0x4E,0x2A,0x7A,0x00,0x00,0x00,0x01,0x08,0x02,0x06,0x05,0x02,0x08,0x05,0x00,0x79,0x79,0x47,0x00,0x00,0x00,0x00,0x00,0x55,0x32,0x0A,0x0A,0x0A,0x0F,0x1E,0x00,0x46,0x00,0x00,0x00,0x00,0x80,0x00,0x08,0x00,0x04,0x00,0x00,0x00
4F Oleg,0x0522,0x0201,0x4F,0x13,0x7B,0x00,0x00,0x00,0x05,0x0E,0x08,0x04,0x01,0x07,0x07,0x03,0x00,0x00,0x00,0xB5,0x1F,0x00,0x00,0x00,0x00,0x55,0x32,0x0A,0x0A,0x0A,0x0F,0x1E,0x00,0x75,0x00,0x00,0x00,0x00,0x80,0x00,0x00,0x00,0x04,0x00,0x00,0x00
50 Eubans,0x0515,0x01F6,0x50,0x2A,0x7C,0x00,0x00,0x00,0x06,0x0F,0x07,0x06,0x02,0x04,0x0B,0x05,0x00,0x79,0xFB,0x00,0x00,0x00,0x00,0x00,0x00,0x55,0x32,0x0A,0x0A,0x0A,0x0F,0x1E,0x00,0x48,0x00,0x00,0x00,0x00,0x80,0x00,0x08,0x00,0x04,0x00,0x00,0x00
51 Ursula,0x0523,0x0207,0x51,0x2D,0x84,0x00,0x00,0x00,0x0F,0x11,0x0E,0x10,0x11,0x08,0x15,0x0C,0x01,0x00,0x00,0x00,0x00,0x79,0xB5,0x00,0x00,0x55,0x32,0x0A,0x0A,0x0A,0x0F,0x1E,0x00,0x6F,0x00,0x00,0x00,0x00,0xC0,0x00,0x00,0x00,0x00,0x00,0x00,0x00
52 Black Fang,0x0549,0x00,0x52,0x36,0x00,0x00,0x00,0x00,0x01,0x08,0x04,0x03,0x02,0x02,0x00,0x00,0x00,0x00,0x00,0x00,0x00,0x00,0x00,0x00,0x00,0x55,0x32,0x0A,0x0A,0x0A,0x0F,0x1E,0x00,0x00,0x00,0x00,0x00,0x00,0x80,0x00,0x00,0x00,0x04,0x00,0x00,0x00
53 Paul,0x0525,0x0202,0x53,0x13,0x7E,0x00,0x01,0x00,0x08,0x13,0x0B,0x07,0x06,0x06,0x09,0x02,0x00,0x00,0x00,0x00,0x00,0x00,0x00,0x00,0x00,0x55,0x32,0x0A,0x0A,0x0A,0x0F,0x1E,0x00,0x76,0x00,0x00,0x00,0x00,0x80,0x00,0x00,0xC98F08,0x03,0x00,0x00,0x00
54 Jasmine,0x0526,0x0203,0x54,0x13,0x7F,0x00,0x02,0x00,0x09,0x12,0x09,0x09,0x08,0x03,0x0B,0x06,0x00,0x00,0x00,0x00,0x00,0x00,0x00,0x00,0x00,0x55,0x32,0x0A,0x0A,0x0A,0x0F,0x1E,0x00,0x74,0x00,0x00,0x00,0x00,0x80,0x00,0x00,0xC98F20,0x04,0x00,0x00,0x00
55 Black Fang,0x0549,0x00,0x55,0x16,0x00,0x00,0x00,0x00,0x01,0x24,0x10,0x0F,0x0D,0x10,0x11,0x00,0x00,0x00,0xB5,0xB5,0x00,0x00,0x00,0x00,0x00,0x55,0x32,0x0A,0x0A,0x0A,0x0F,0x1E,0x00,0x00,0x00,0x00,0x00,0x00,0x80,0x00,0x00,0x00,0x04,0x00,0x00,0x00
56 Jerme,0x052D,0x021B,0x56,0x3E,0x9D,0x00,0x00,0x00,0x14,0x25,0x10,0x1B,0x0E,0x11,0x10,0x00,0x00,0xFB,0x00,0x00,0x00,0x00,0x00,0x00,0x00,0x55,0x32,0x0A,0x0A,0x0A,0x0F,0x1E,0x00,0x0D,0x00,0x12,0x00,0x00,0x00,0x08,0x00,0x00,0x04,0x00,0x00,0x00
57 Pascal,0x052B,0x020A,0x57,0x2A,0x80,0x00,0x00,0x00,0x0E,0x19,0x0A,0x09,0x03,0x05,0x05,0x0B,0x01,0x00,0x79,0x00,0x00,0x00,0x00,0x00,0x00,0x55,0x32,0x0A,0x0A,0x0A,0x0F,0x1E,0x00,0x4D,0x00,0x00,0x00,0x00,0x80,0x00,0x00,0x00,0x04,0x00,0x00,0x00
58 Kenneth,0x052C,0x020B,0x58,0x1E,0x81,0x00,0x00,0x00,0x0D,0x14,0x0F,0x0C,0x09,0x06,0x0D,0x06,0x03,0x00,0x00,0x00,0x00,0xB5,0x00,0xB5,0x00,0x55,0x32,0x0A,0x0A,0x0A,0x0F,0x1E,0x00,0x18,0x00,0x00,0x00,0x00,0x80,0x00,0x08,0x00,0x04,0x00,0x00,0x00
59 Jerme,0x052D,0x020C,0x59,0x3E,0x82,0x00,0x00,0x00,0x0D,0x1E,0x0F,0x11,0x08,0x08,0x0E,0x0A,0x00,0xB5,0x00,0x00,0x00,0x00,0x00,0x00,0x00,0x55,0x32,0x0A,0x0A,0x0A,0x0F,0x1E,0x00,0x0D,0x00,0x11,0x00,0x00,0x80,0x00,0x08,0x00,0x04,0x00,0x00,0x00
5A Maxime,0x052E,0x020D,0x5A,0x2A,0x83,0x00,0x00,0x00,0x0B,0x11,0x07,0x08,0x06,0x01,0x0C,0x05,0x00,0x00,0xB5,0x00,0x00,0x00,0x00,0x00,0x00,0x55,0x32,0x0A,0x0A,0x0A,0x0F,0x1E,0x00,0x4C,0x00,0x00,0x00,0x00,0x00,0x00,0x00,0x00,0x04,0x00,0x00,0x00
5B Sonia,0x052F,0x020E,0x5B,0x5A,0x63,0x00,0x00,0x00,0x11,0x19,0x0F,0x0C,0x0D,0x10,0x11,0x00,0x00,0x00,0x00,0x00,0x00,0xB5,0xB5,0x00,0x00,0x55,0x32,0x0A,0x0A,0x0A,0x0F,0x1E,0x00,0x56,0x00,0x00,0x00,0x00,0xC0,0x08,0x08,0x00,0x00,0x00,0x00,0x00
5C Teodor,0x0530,0x020F,0x5C,0x26,0x85,0x00,0x00,0x00,0x06,0x0B,0x0A,0x0C,0x08,0x05,0x0C,0x03,0x00,0x00,0x00,0x00,0x00,0x00,0x00,0x00,0xB5,0x55,0x32,0x0A,0x0A,0x0A,0x0F,0x1E,0x00,0x2A,0x00,0x00,0x00,0x00,0x80,0x00,0x00,0x00,0x04,0x00,0x00,0x00
5D Georg,0x0539,0x0210,0x5D,0x3B,0x79,0x00,0x00,0x00,0x0F,0x24,0x14,0x0B,0x06,0x0C,0x15,0x00,0x02,0x00,0x00,0xFB,0x00,0x00,0x00,0x00,0x00,0x3C,0x14,0x1E,0x23,0x0F,0x0F,0x19,0x00,0x23,0x00,0x00,0x00,0x00,0x80,0x00,0x08,0x00,0x00,0x00,0x00,0x00
5E Kaim,0x0531,0x0211,0x5E,0x0C,0x87,0x00,0x00,0x00,0x10,0x26,0x0E,0x09,0x05,0x07,0x16,0x00,0x03,0xFB,0x00,0xB5,0x00,0x00,0x00,0x00,0x00,0x55,0x32,0x0A,0x0A,0x0A,0x0F,0x1E,0x00,0x1D,0x00,0x00,0x00,0x00,0x80,0x00,0x08,0x00,0x04,0x00,0x00,0x00
5F Merc,0x0556,0x0226,0x5F,0x39,0x00,0x03,0x00,0x00,0x01,0x00,0x00,0x00,0x00,0x00,0x00,0x00,0x00,0x00,0x00,0x00,0x00,0x00,0x00,0x00,0x00,0x3C,0x14,0x1E,0x23,0x0F,0x0F,0x19,0x00,0x00,0x00,0x00,0x00,0x00,0x00,0x00,0x00,0x00,0x00,0x00,0x00,0x00
60 Denning,0x052A,0x0208,0x60,0x1A,0x86,0x00,0x00,0x00,0x13,0x1E,0x0B,0x0C,0x0D,0x09,0x14,0x00,0x00,0x00,0x00,0x00,0xB5,0x00,0x00,0x00,0x00,0x55,0x32,0x0A,0x0A,0x0A,0x0F,0x1E,0x00,0x5F,0x00,0x00,0x00,0x00,0x80,0x08,0x00,0x00,0x04,0x00,0x00,0x00
61 Bern,0x0555,0x0221,0x61,0x39,0x00,0x03,0x00,0x00,0x01,0x00,0x00,0x00,0x00,0x00,0x00,0x00,0x00,0x00,0x00,0x00,0x00,0x00,0x00,0x00,0x00,0x3C,0x14,0x1E,0x23,0x0F,0x0F,0x19,0x00,0x00,0x00,0x00,0x00,0x00,0x00,0x00,0x00,0x00,0x00,0x00,0x00,0x00
62 Morph,0x0559,0x0228,0x62,0x3C,0x00,0x03,0x00,0x00,0x01,0x00,0x00,0x00,0x0F,0x00,0x00,0x00,0x00,0x00,0x00,0x00,0x00,0x00,0x00,0x00,0x00,0x3C,0x14,0x1E,0x23,0x0F,0x0F,0x19,0x00,0x00,0x00,0x00,0x00,0x00,0x00,0x08,0x00,0x00,0x00,0x00,0x00,0x00
63 Lloyd,0x0535,0x0205,0x63,0x10,0x65,0x00,0x07,0x00,0x0C,0x14,0x0C,0x08,0x09,0x03,0x0D,0x10,0x00,0xB5,0x00,0x00,0x00,0x00,0x00,0x00,0x00,0x55,0x32,0x0A,0x0A,0x0A,0x0F,0x1E,0x00,0x69,0x00,0x06,0x00,0x00,0x80,0x00,0x00,0xC98F38,0x04,0x00,0x00,0x00
64 Linus,0x0536,0x0206,0x64,0x0C,0x66,0x00,0x02,0x00,0x0C,0x17,0x0F,0x09,0x02,0x06,0x0A,0x0E,0x04,0xB5,0x00,0xB5,0x00,0x00,0x00,0x00,0x00,0x55,0x32,0x0A,0x0A,0x0A,0x0F,0x1E,0x00,0x1F,0x00,0x03,0x00,0x00,0x80,0x00,0x00,0xC98F50,0x04,0x00,0x00,0x00
65 Lloyd,0x0535,0x0205,0x65,0x10,0x65,0x00,0x07,0x00,0x12,0x1F,0x0E,0x0C,0x0B,0x0A,0x11,0x10,0x00,0xFB,0x00,0x00,0x00,0x00,0x00,0x00,0x00,0x55,0x32,0x0A,0x0A,0x0A,0x0F,0x1E,0x00,0x69,0x00,0x07,0x00,0x00,0x80,0x00,0x08,0x00,0x04,0x00,0x00,0x00
66 Linus,0x0536,0x0206,0x66,0x0C,0x66,0x00,0x02,0x00,0x12,0x24,0x12,0x0B,0x05,0x0B,0x0D,0x0E,0x04,0xFB,0x00,0xB5,0x00,0x00,0x00,0x00,0x00,0x55,0x32,0x0A,0x0A,0x0A,0x0F,0x1E,0x00,0x1F,0x00,0x04,0x00,0x00,0x80,0x00,0x08,0x00,0x04,0x00,0x00,0x00
67 Bandit,0x054F,0x021E,0x67,0x39,0x00,0x03,0x00,0x00,0x01,0x00,0x00,0x00,0x00,0x00,0x00,0x00,0x00,0x00,0x00,0x00,0x00,0x00,0x00,0x00,0x00,0x3C,0x14,0x1E,0x23,0x0F,0x0F,0x19,0x00,0x00,0x00,0x00,0x00,0x00,0x00,0x00,0x00,0x00,0x00,0x00,0x00,0x00
68 Bandit,0x054F,0x021E,0x68,0x39,0x00,0x03,0x00,0x00,0x01,0x00,0x00,0x00,0x00,0x00,0x00,0x00,0x00,0x00,0x00,0x00,0x00,0x00,0x00,0x00,0x00,0x3C,0x14,0x1E,0x23,0x0F,0x0F,0x19,0x00,0x00,0x00,0x00,0x00,0x00,0x00,0x00,0x00,0x00,0x00,0x00,0x00,0x00
69 Bandit,0x054F,0x021E,0x69,0x39,0x00,0x03,0x00,0x00,0x01,0x00,0x00,0x00,0x00,0x00,0x00,0x00,0x00,0x00,0x00,0x00,0x00,0x00,0x00,0x00,0x00,0x3C,0x14,0x1E,0x23,0x0F,0x0F,0x19,0x00,0x00,0x00,0x00,0x00,0x00,0x00,0x00,0x00,0x00,0x00,0x00,0x00,0x00
6A Laus,0x0552,0x021F,0x6A,0x39,0x00,0x03,0x00,0x00,0x01,0x00,0x00,0x00,0x00,0x00,0x00,0x00,0x00,0x00,0x00,0x00,0x00,0x00,0x00,0x00,0x00,0x3C,0x14,0x1E,0x23,0x0F,0x0F,0x19,0x00,0x00,0x00,0x00,0x00,0x00,0x00,0x00,0x00,0x00,0x00,0x00,0x00,0x00
6B Laus,0x0552,0x021F,0x6B,0x39,0x00,0x03,0x00,0x00,0x01,0x00,0x00,0x00,0x00,0x00,0x00,0x00,0x00,0x00,0x00,0x00,0x00,0x00,0x00,0x00,0x00,0x3C,0x14,0x1E,0x23,0x0F,0x0F,0x19,0x00,0x00,0x00,0x00,0x00,0x00,0x00,0x00,0x00,0x00,0x00,0x00,0x00,0x00
6C Pirate,0x0550,0x0220,0x6C,0x3A,0x00,0x03,0x00,0x00,0x01,0x00,0x00,0x00,0x00,0x00,0x00,0x00,0x00,0x00,0x00,0x00,0x00,0x00,0x00,0x00,0x00,0x3C,0x14,0x1E,0x23,0x0F,0x0F,0x19,0x00,0x00,0x00,0x00,0x00,0x00,0x00,0x00,0x00,0x00,0x00,0x00,0x00,0x00
6D Black Fang,0x0557,0x0221,0x6D,0x39,0x00,0x03,0x00,0x00,0x01,0x00,0x00,0x00,0x00,0x00,0x00,0x00,0x00,0x00,0x00,0x00,0x00,0x00,0x00,0x00,0x00,0x3C,0x14,0x1E,0x23,0x0F,0x0F,0x19,0x00,0x00,0x00,0x00,0x00,0x00,0x00,0x00,0x00,0x00,0x00,0x00,0x00,0x00
6E Black Fang,0x0557,0x0221,0x6E,0x39,0x00,0x03,0x00,0x00,0x01,0x00,0x00,0x00,0x00,0x00,0x00,0x00,0x00,0x00,0x00,0x00,0x00,0x00,0x00,0x00,0x00,0x3C,0x14,0x1E,0x23,0x0F,0x0F,0x19,0x00,0x00,0x00,0x00,0x00,0x00,0x00,0x00,0x08,0x00,0x00,0x00,0x00,0x00
6F Ostia,0x0554,0x0222,0x6F,0x38,0x00,0x02,0x00,0x00,0x01,0x00,0x00,0x00,0x00,0x00,0x00,0x00,0x00,0x00,0x00,0x00,0x00,0x00,0x00,0x00,0x00,0x3C,0x14,0x1E,0x23,0x0F,0x0F,0x19,0x00,0x00,0x00,0x00,0x00,0x00,0x00,0x00,0x00,0x00,0x00,0x00,0x00,0x00
70 Black Fang,0x0557,0x0221,0x70,0x39,0x00,0x03,0x00,0x00,0x01,0x00,0x00,0x00,0x00,0x00,0x00,0x00,0x00,0x00,0x00,0x00,0x00,0x00,0x00,0x00,0x00,0x3C,0x14,0x1E,0x23,0x0F,0x0F,0x19,0x00,0x00,0x00,0x00,0x00,0x00,0x00,0x00,0x00,0x00,0x00,0x00,0x00,0x00
71 Guardian,0x0558,0x0223,0x71,0x39,0x00,0x03,0x00,0x00,0x01,0x00,0x00,0x00,0x00,0x00,0x00,0x00,0x00,0x00,0x00,0x00,0x00,0x00,0x00,0x00,0x00,0x3C,0x14,0x1E,0x23,0x0F,0x0F,0x19,0x00,0x00,0x00,0x00,0x00,0x00,0x00,0x00,0x00,0x00,0x00,0x00,0x00,0x00
72 Morph,0x0559,0x0228,0x72,0x39,0x00,0x03,0x00,0x00,0x01,0x00,0x00,0x00,0x00,0x00,0x00,0x00,0x00,0x00,0x00,0x00,0x00,0x00,0x00,0x00,0x00,0x3C,0x14,0x1E,0x23,0x0F,0x0F,0x19,0x00,0x00,0x00,0x00,0x00,0x00,0x00,0x08,0x00,0x00,0x00,0x00,0x00,0x00
73 Morph,0x0559,0x0228,0x73,0x39,0x00,0x03,0x00,0x00,0x01,0x00,0x00,0x00,0x00,0x00,0x00,0x00,0x00,0x00,0x00,0x00,0x00,0x00,0x00,0x00,0x00,0x3C,0x14,0x1E,0x23,0x0F,0x0F,0x00,0x00,0x00,0x00,0x00,0x00,0x00,0x00,0x08,0x00,0x00,0x00,0x00,0x00,0x00
74 Morph,0x0559,0x0228,0x74,0x39,0x00,0x03,0x00,0x00,0x01,0x00,0x00,0x00,0x00,0x00,0x00,0x00,0x00,0x00,0x00,0x00,0x00,0x00,0x00,0x00,0x00,0x3C,0x14,0x1E,0x23,0x0F,0x0F,0x19,0x00,0x00,0x00,0x00,0x00,0x00,0x00,0x08,0x08,0x00,0x00,0x00,0x00,0x00
75 Caelin,0x0553,0x0225,0x75,0x38,0x00,0x02,0x00,0x00,0x01,0x00,0x00,0x00,0x00,0x00,0x00,0x00,0x00,0x00,0x47,0x00,0x00,0x00,0x00,0x00,0x00,0x55,0x19,0x3C,0x0A,0x0F,0x0F,0x19,0x00,0x00,0x00,0x00,0x00,0x00,0x00,0x00,0x00,0x00,0x00,0x00,0x00,0x00
76 Caelin,0x0553,0x0225,0x76,0x38,0x00,0x02,0x00,0x00,0x01,0x00,0x00,0x00,0x00,0x00,0x00,0x00,0x00,0x00,0x47,0x00,0x00,0x00,0x00,0x00,0x00,0x55,0x19,0x3C,0x0A,0x0F,0x0F,0x19,0x00,0x00,0x00,0x00,0x00,0x00,0x00,0x00,0x00,0x00,0x00,0x00,0x00,0x00
77 Caelin,0x0553,0x0225,0x77,0x38,0x00,0x02,0x00,0x00,0x01,0x00,0x00,0x00,0x00,0x00,0x00,0x00,0x00,0x00,0x47,0x00,0x00,0x00,0x00,0x00,0x00,0x55,0x19,0x3C,0x0A,0x0F,0x0F,0x19,0x00,0x00,0x00,0x00,0x00,0x00,0x00,0x00,0x00,0x00,0x00,0x00,0x00,0x00
78 Laus,0x0552,0x021F,0x78,0x38,0x00,0x03,0x00,0x00,0x01,0x00,0x00,0x00,0x00,0x00,0x00,0x00,0x00,0x00,0x00,0x00,0x00,0x00,0x00,0x00,0x00,0x55,0x19,0x3C,0x0A,0x0F,0x0F,0x19,0x00,0x00,0x00,0x00,0x00,0x00,0x00,0x00,0x08,0x00,0x00,0x00,0x00,0x00
79 Laus,0x0552,0x021F,0x79,0x38,0x00,0x03,0x00,0x00,0x01,0x00,0x00,0x00,0x00,0x00,0x00,0x00,0x00,0x00,0x00,0x00,0x00,0x00,0x00,0x00,0x00,0x55,0x19,0x3C,0x0A,0x0F,0x0F,0x19,0x00,0x00,0x00,0x00,0x00,0x00,0x00,0x00,0x08,0x00,0x00,0x00,0x00,0x00
7A Zephiel,0x053A,0x0212,0x7A,0x4D,0x51,0x00,0x00,0x00,0x0B,0x0A,0x07,0x07,0x08,0x08,0x0D,0x05,0x00,0xB5,0x00,0x00,0x00,0x00,0x00,0x00,0x00,0x50,0x28,0x32,0x28,0x19,0x28,0x3C,0x00,0x00,0x00,0x00,0x00,0x00,0x00,0x00,0x00,0x00,0x03,0x00,0x00,0x00
7B Elbert,0x053B,0x0213,0x7B,0x47,0x4F,0x00,0x00,0x00,0x12,0x16,0x10,0x12,0x14,0x0D,0x0D,0x01,0x00,0xB5,0xB5,0x00,0x00,0x00,0x00,0x00,0x00,0x55,0x32,0x0A,0x0A,0x0A,0x0F,0x1E,0x00,0x00,0x00,0x00,0x00,0x00,0x00,0x00,0x00,0x00,0x03,0x00,0x00,0x00
7C Black Fang,0x0557,0x0221,0x7C,0x16,0x00,0x03,0x00,0x00,0x01,0x00,0x00,0x00,0x00,0x00,0x00,0x00,0x00,0x00,0x00,0x00,0x00,0x00,0x00,0x00,0x00,0x55,0x19,0x3C,0x0A,0x0F,0x0F,0x19,0x00,0x00,0x00,0x00,0x00,0x00,0x00,0x00,0x08,0x00,0x00,0x00,0x00,0x00
7D Black Fang,0x0557,0x0221,0x7D,0x26,0x00,0x03,0x00,0x00,0x01,0x00,0x00,0x00,0x00,0x00,0x00,0x00,0x00,0x00,0x00,0x00,0x00,0x00,0x00,0x00,0x00,0x55,0x19,0x3C,0x0A,0x0F,0x0F,0x19,0x00,0x00,0x00,0x00,0x00,0x00,0x00,0x00,0x00,0x00,0x00,0x00,0x00,0x00
7E Black Fang,0x0557,0x0221,0x7E,0x1E,0x00,0x03,0x00,0x00,0x01,0x00,0x00,0x00,0x00,0x00,0x00,0x00,0x00,0x00,0x00,0x00,0x00,0x00,0x00,0x00,0x00,0x55,0x19,0x3C,0x0A,0x0F,0x0F,0x19,0x00,0x00,0x00,0x00,0x00,0x00,0x00,0x00,0x00,0x00,0x00,0x00,0x00,0x00
7F Morph,0x0559,0x0228,0x7F,0x16,0x00,0x03,0x00,0x00,0x01,0x00,0x00,0x00,0x00,0x00,0x00,0x00,0x00,0x00,0x00,0x00,0x00,0x00,0x00,0x00,0x00,0x55,0x19,0x3C,0x0A,0x0F,0x0F,0x19,0x00,0x00,0x00,0x00,0x00,0x00,0x00,0x08,0x00,0x00,0x00,0x00,0x00,0x00
80 Morph,0x0559,0x0228,0x80,0x0C,0x00,0x03,0x00,0x00,0x01,0x00,0x00,0x00,0x00,0x00,0x00,0x00,0x00,0x00,0x00,0x00,0x00,0x00,0x00,0x00,0x00,0x55,0x19,0x3C,0x0A,0x0F,0x0F,0x19,0x00,0x00,0x00,0x00,0x00,0x00,0x00,0x08,0x00,0x00,0x00,0x00,0x00,0x00
81 Morph,0x0559,0x0228,0x81,0x10,0x00,0x03,0x00,0x00,0x01,0x00,0x00,0x00,0x00,0x00,0x00,0x00,0x00,0x00,0x00,0x00,0x00,0x00,0x00,0x00,0x00,0x55,0x19,0x3C,0x0A,0x0F,0x0F,0x19,0x00,0x00,0x00,0x00,0x00,0x00,0x00,0x08,0x00,0x00,0x00,0x00,0x00,0x00
82 Morph,0x0559,0x0228,0x82,0x1A,0x00,0x03,0x00,0x00,0x01,0x00,0x00,0x00,0x00,0x00,0x00,0x00,0x00,0x00,0x00,0x00,0x00,0x00,0x00,0x00,0x00,0x55,0x19,0x3C,0x0A,0x0F,0x0F,0x19,0x00,0x00,0x00,0x00,0x00,0x00,0x00,0x08,0x00,0x00,0x00,0x00,0x00,0x00
83 Black Fang,0x0557,0x0221,0x83,0x3C,0x00,0x03,0x00,0x00,0x01,0x00,0x00,0x00,0x0F,0x00,0x00,0x00,0x00,0x00,0x00,0x00,0x00,0x00,0x00,0x00,0x00,0x3C,0x14,0x1E,0x23,0x0F,0x0F,0x19,0x00,0x00,0x00,0x00,0x00,0x00,0x00,0x00,0x00,0x00,0x00,0x00,0x00,0x00
84 Brendan,0x0527,0x0204,0x84,0x13,0x64,0x00,0x06,0x00,0x12,0x0A,0x07,0x03,0x01,0x02,0x01,0x02,0x02,0x00,0x00,0xFB,0xB5,0x00,0x00,0x00,0x00,0x55,0x32,0x0A,0x0A,0x0A,0x0F,0x1E,0x00,0x71,0x00,0x00,0x00,0x00,0x80,0x00,0x00,0x00,0x03,0x00,0x00,0x00
85 Limstella,0x0537,0x0209,0x85,0x5A,0x67,0x00,0x00,0x00,0x14,0x31,0x14,0x0E,0x0C,0x15,0x15,0x00,0x00,0x00,0x00,0x00,0x00,0xFB,0xFB,0x00,0x00,0x55,0x32,0x0A,0x0A,0x0A,0x0F,0x1E,0x00,0x54,0x00,0x00,0x00,0x00,0xC0,0x08,0x08,0x00,0x00,0x00,0x00,0x00
86 Dragon,0x0538,0x0214,0x86,0x46,0x00,0x01,0x05,0x00,0x14,0x00,0x00,0x00,0x00,0x00,0x00,0x18,0x00,0x00,0x00,0x00,0x00,0x00,0x00,0x00,0x00,0x55,0x32,0x0A,0x0A,0x0A,0x0F,0x1E,0x00,0x00,0x00,0x00,0x00,0x00,0x80,0x00,0x01,0x00,0x04,0x00,0x00,0x00
87 Batta,0x053C,0x01E1,0x87,0x39,0x88,0x00,0x00,0x00,0x02,0x01,0x00,0x00,0xFE,0x00,0x00,0x02,0xFE,0x00,0x00,0x00,0x00,0x00,0x00,0x00,0x00,0x3C,0x14,0x1E,0x23,0x0F,0x0F,0x19,0x10,0x00,0x00,0x00,0x00,0x00,0x80,0x00,0x00,0x00,0x00,0x00,0x00,0x00
88 Bandit,0x054F,0x021E,0x88,0x39,0x00,0x03,0x00,0x00,0x01,0x00,0x00,0x00,0xFD,0x00,0x00,0x00,0x00,0x00,0x00,0x00,0x00,0x00,0x00,0x00,0x00,0x3C,0x14,0x1E,0x23,0x0F,0x0F,0x19,0x00,0x00,0x00,0x00,0x00,0x00,0x00,0x00,0x00,0x00,0x00,0x00,0x00,0x00
89 Zugu,0x053D,0x01E2,0x89,0x39,0x89,0x00,0x00,0x00,0x04,0x03,0x01,0x01,0xFF,0x01,0x00,0x01,0xFF,0x00,0x00,0x00,0x00,0x00,0x00,0x00,0x00,0x3C,0x14,0x1E,0x23,0x0F,0x0F,0x19,0x15,0x00,0x00,0x00,0x00,0x00,0x80,0x00,0x00,0x00,0x00,0x00,0x00,0x00
8A Bandit,0x0551,0x0224,0x8A,0x39,0x00,0x03,0x00,0x00,0x01,0x00,0xFE,0x00,0xFF,0x00,0x00,0x00,0x00,0x00,0x00,0x00,0x00,0x00,0x00,0x00,0x00,0x3C,0x14,0x1E,0x23,0x0F,0x0F,0x19,0x00,0x00,0x00,0x00,0x00,0x00,0x00,0x00,0x00,0x00,0x00,0x00,0x00,0x00
8B Bandit,0x0551,0x0224,0x8B,0x39,0x00,0x03,0x00,0x00,0x01,0x00,0xFE,0x00,0xFF,0x00,0x00,0x00,0x00,0x00,0x00,0x00,0x00,0x00,0x00,0x00,0x00,0x3C,0x14,0x1E,0x23,0x0F,0x0F,0x19,0x00,0x00,0x00,0x00,0x00,0x00,0x00,0x00,0x00,0x00,0x00,0x00,0x00,0x00
8C Bandit,0x0551,0x0224,0x8C,0x0A,0x00,0x03,0x00,0x00,0x01,0x00,0xFE,0xFD,0xFD,0xFF,0x00,0x00,0x00,0x47,0x00,0x00,0x00,0x00,0x00,0x00,0x00,0x55,0x19,0x3C,0x0A,0x0F,0x0F,0x19,0x00,0x00,0x00,0x00,0x00,0x00,0x00,0x00,0x00,0x00,0x00,0x00,0x00,0x00
8D Glass,0x053E,0x01E3,0x8D,0x0A,0x8A,0x00,0x00,0x00,0x03,0x02,0x01,0xFC,0xFD,0xFF,0x00,0x00,0x00,0x47,0x00,0x00,0x00,0x00,0x00,0x00,0x00,0x3C,0x14,0x1E,0x23,0x0F,0x0F,0x19,0x3C,0x00,0x00,0x00,0x00,0x00,0x80,0x00,0x08,0x00,0x00,0x00,0x00,0x00
8E Migal,0x053F,0x01E4,0x8E,0x39,0x8B,0x00,0x00,0x00,0x06,0x05,0x02,0x02,0x00,0x02,0x00,0x02,0x00,0x00,0x00,0x00,0x00,0x00,0x00,0x00,0x00,0x3C,0x14,0x1E,0x23,0x0F,0x0F,0x19,0x13,0x00,0x00,0x00,0x00,0x00,0x80,0x00,0x00,0x00,0x00,0x00,0x00,0x00
8F Bandit,0x0551,0x0224,0x8F,0x39,0x00,0x03,0x00,0x00,0x01,0x00,0xFE,0x00,0x00,0x00,0x00,0x00,0x00,0x00,0x00,0x00,0x00,0x00,0x00,0x00,0x00,0x3C,0x14,0x1E,0x23,0x0F,0x0F,0x19,0x00,0x00,0x00,0x00,0x00,0x00,0x00,0x00,0x00,0x00,0x00,0x00,0x00,0x00
90 Bandit,0x0551,0x0224,0x90,0x39,0x00,0x03,0x00,0x00,0x01,0x00,0xFE,0x00,0x00,0x00,0x00,0x00,0x00,0x00,0x00,0x00,0x00,0x00,0x00,0x00,0x00,0x3C,0x14,0x1E,0x23,0x0F,0x0F,0x19,0x00,0x00,0x00,0x00,0x00,0x00,0x00,0x00,0x00,0x00,0x00,0x00,0x00,0x00
91 Bandit,0x0551,0x0224,0x91,0x18,0x00,0x03,0x00,0x00,0x01,0x00,0xFD,0x00,0x00,0x00,0x00,0x00,0x00,0x00,0x00,0x00,0x00,0x00,0x00,0x00,0x00,0x00,0x00,0x00,0x00,0x00,0x00,0x00,0x00,0x00,0x00,0x00,0x00,0x00,0x00,0x00,0x00,0x00,0x00,0x00,0x00,0x00
92 Bandit,0x0551,0x0224,0x92,0x0A,0x00,0x03,0x00,0x00,0x01,0xFE,0x00,0xFF,0xFD,0xFF,0x00,0x00,0x00,0x47,0x00,0x00,0x00,0x00,0x00,0x00,0x00,0x55,0x19,0x3C,0x0A,0x0F,0x0F,0x19,0x00,0x00,0x00,0x00,0x00,0x00,0x00,0x00,0x00,0x00,0x00,0x00,0x00,0x00
93 Bandit,0x0551,0x0224,0x93,0x0A,0x00,0x03,0x00,0x00,0x01,0xFF,0x00,0xFF,0xFE,0x00,0x00,0x00,0x00,0x47,0x00,0x00,0x00,0x00,0x00,0x00,0x00,0x55,0x19,0x3C,0x0A,0x0F,0x0F,0x19,0x00,0x00,0x00,0x00,0x00,0x00,0x00,0x00,0x00,0x00,0x00,0x00,0x00,0x00
94 Carjiga,0x0540,0x01E5,0x94,0x39,0x8C,0x00,0x00,0x00,0x08,0x07,0x01,0x04,0xFF,0x04,0x00,0x02,0x03,0x00,0x00,0x47,0x00,0x00,0x00,0x00,0x00,0x3C,0x14,0x1E,0x23,0x0F,0x0F,0x19,0x12,0x00,0x00,0x00,0x00,0x00,0x80,0x00,0x00,0x00,0x00,0x00,0x00,0x00
95 Bandit,0x054F,0x021E,0x95,0x39,0x00,0x03,0x00,0x00,0x01,0x00,0x00,0x00,0x00,0x00,0x00,0x00,0x00,0x00,0x00,0x00,0x00,0x00,0x00,0x00,0x00,0x3C,0x14,0x1E,0x23,0x0F,0x0F,0x19,0x00,0x00,0x00,0x00,0x00,0x00,0x00,0x00,0x00,0x00,0x00,0x00,0x00,0x00
96 Bandit,0x054F,0x021E,0x96,0x39,0x00,0x03,0x00,0x00,0x01,0x00,0xFE,0xFF,0x00,0x00,0x00,0x00,0x00,0x00,0x00,0x00,0x00,0x00,0x00,0x00,0x00,0x3C,0x14,0x1E,0x23,0x0F,0x0F,0x19,0x00,0x00,0x00,0x00,0x00,0x00,0x00,0x00,0x00,0x00,0x00,0x00,0x00,0x00
97 Bandit,0x054F,0x021E,0x97,0x0A,0x00,0x03,0x00,0x00,0x01,0xFF,0xFF,0x00,0xFD,0x00,0x00,0x00,0x00,0x47,0x00,0x00,0x00,0x00,0x00,0x00,0x00,0x55,0x19,0x3C,0x0A,0x0F,0x0F,0x19,0x00,0x00,0x00,0x00,0x00,0x00,0x00,0x00,0x00,0x00,0x00,0x00,0x00,0x00
98 Bandit,0x054F,0x021E,0x98,0x18,0x00,0x03,0x00,0x00,0x01,0x00,0xFE,0x00,0x00,0x00,0x00,0x00,0x00,0x00,0x00,0x00,0x00,0x00,0x00,0x00,0x00,0x00,0x00,0x00,0x00,0x00,0x00,0x00,0x00,0x00,0x00,0x00,0x00,0x00,0x00,0x00,0x00,0x00,0x00,0x00,0x00,0x00
99 Bug,0x0541,0x01E6,0x99,0x39,0x8D,0x00,0x00,0x00,0x09,0x09,0x03,0x03,0x01,0x05,0x00,0x01,0x03,0x00,0x00,0x00,0x00,0x00,0x00,0x00,0x00,0x3C,0x14,0x1E,0x23,0x0F,0x0F,0x19,0x11,0x00,0x00,0x00,0x00,0x00,0x80,0x00,0x00,0x00,0x00,0x00,0x00,0x00
9A Bandit,0x054F,0x021E,0x9A,0x39,0x00,0x03,0x00,0x00,0x01,0x00,0xFF,0x00,0x00,0x00,0x00,0x00,0x00,0x00,0x00,0x00,0x00,0x00,0x00,0x00,0x00,0x3C,0x14,0x1E,0x23,0x0F,0x0F,0x19,0x00,0x00,0x00,0x00,0x00,0x00,0x00,0x00,0x00,0x00,0x00,0x00,0x00,0x00
9B Bandit,0x054F,0x021E,0x9B,0x39,0x00,0x03,0x00,0x00,0x01,0x00,0xFF,0x00,0x00,0x00,0x00,0x00,0x00,0x00,0x00,0x00,0x00,0x00,0x00,0x00,0x00,0x3C,0x14,0x1E,0x23,0x0F,0x0F,0x19,0x00,0x00,0x00,0x00,0x00,0x00,0x00,0x00,0x00,0x00,0x00,0x00,0x00,0x00
9C Bandit,0x054F,0x021E,0x9C,0x0A,0x00,0x03,0x00,0x00,0x01,0x00,0xFF,0x00,0x00,0x00,0x00,0x00,0x00,0x47,0x00,0x00,0x00,0x00,0x00,0x00,0x00,0x55,0x19,0x3C,0x0A,0x0F,0x0F,0x19,0x00,0x00,0x00,0x00,0x00,0x00,0x00,0x00,0x00,0x00,0x00,0x00,0x00,0x00
9D Bandit,0x054F,0x021E,0x9D,0x18,0x00,0x03,0x00,0x00,0x01,0x00,0xFF,0x00,0x00,0x00,0x00,0x00,0x00,0x00,0x00,0x00,0x00,0x00,0x00,0x00,0x00,0x55,0x19,0x3C,0x0A,0x0F,0x0F,0x19,0x00,0x00,0x00,0x00,0x00,0x00,0x00,0x00,0x00,0x00,0x00,0x00,0x00,0x00
9E Natalie,0x0543,0x01E9,0x9E,0x48,0x5B,0x00,0x00,0x00,0x01,0x00,0x00,0x00,0x00,0x02,0xFF,0x00,0x00,0x00,0x00,0x00,0x00,0x00,0x00,0x00,0x00,0x55,0x19,0x3C,0x0A,0x0F,0x0F,0x19,0x00,0x00,0x00,0x00,0x00,0x00,0x40,0x00,0x00,0x00,0x00,0x00,0x00,0x00
9F Bool,0x0542,0x01E7,0x9F,0x14,0x8F,0x00,0x00,0x00,0x05,0x09,0x03,0x02,0x02,0x01,0x00,0x01,0x00,0x00,0x00,0x00,0x00,0x00,0x00,0x00,0x00,0x3C,0x14,0x1E,0x23,0x0F,0x0F,0x19,0x05,0x00,0x00,0x00,0x00,0x00,0x80,0x00,0x00,0x00,0x00,0x00,0x00,0x00
A0 Bandit,0x054F,0x021E,0xA0,0x39,0x00,0x03,0x00,0x00,0x01,0x00,0xFF,0x00,0x00,0x00,0x00,0x00,0x00,0x00,0x00,0x00,0x00,0x00,0x00,0x00,0x00,0x3C,0x14,0x1E,0x23,0x0F,0x0F,0x19,0x00,0x00,0x00,0x00,0x00,0x00,0x00,0x00,0x00,0x00,0x00,0x00,0x00,0x00
A1 Bandit,0x054F,0x021E,0xA1,0x39,0x00,0x03,0x00,0x00,0x01,0x00,0xFF,0x00,0x00,0x00,0x00,0x00,0x00,0x00,0x00,0x00,0x00,0x00,0x00,0x00,0x00,0x3C,0x14,0x1E,0x23,0x0F,0x0F,0x19,0x00,0x00,0x00,0x00,0x00,0x00,0x00,0x00,0x00,0x00,0x00,0x00,0x00,0x00
A2 Bandit,0x054F,0x021E,0xA2,0x0A,0x00,0x03,0x00,0x00,0x01,0x00,0xFF,0x00,0x00,0x00,0x00,0x00,0x00,0x47,0x00,0x00,0x00,0x00,0x00,0x00,0x00,0x55,0x19,0x3C,0x0A,0x0F,0x0F,0x19,0x00,0x00,0x00,0x00,0x00,0x00,0x00,0x00,0x00,0x00,0x00,0x00,0x00,0x00
A3 Bandit,0x054F,0x021E,0xA3,0x18,0x00,0x03,0x00,0x00,0x01,0x02,0xFF,0x00,0x01,0x00,0x01,0x00,0x00,0x00,0x00,0x00,0x00,0x00,0x00,0x00,0x00,0x55,0x19,0x3C,0x0A,0x0F,0x0F,0x19,0x00,0x00,0x00,0x00,0x00,0x00,0x00,0x00,0x00,0x00,0x00,0x00,0x00,0x00
A4 Bandit,0x054F,0x021E,0xA4,0x38,0x00,0x03,0x00,0x00,0x01,0x00,0x00,0x00,0x00,0x00,0x00,0x00,0x00,0x00,0x00,0x00,0x00,0x00,0x00,0x00,0x00,0x55,0x19,0x3C,0x0A,0x0F,0x0F,0x19,0x00,0x00,0x00,0x00,0x00,0x00,0x00,0x00,0x00,0x00,0x00,0x00,0x00,0x00
A5 Bandit,0x054F,0x021E,0xA5,0x0A,0x00,0x03,0x00,0x00,0x01,0xFE,0x00,0xFF,0xFD,0xFF,0x00,0x00,0x00,0x47,0x00,0x00,0x00,0x00,0x00,0x00,0x00,0x55,0x19,0x3C,0x0A,0x0F,0x0F,0x19,0x00,0x00,0x00,0x00,0x00,0x00,0x00,0x00,0x08,0x00,0x00,0x00,0x00,0x00
A6 Heintz,0x0544,0x01E8,0xA6,0x24,0x90,0x00,0x00,0x00,0x05,0x06,0x01,0x04,0x05,0x01,0x01,0x03,0x02,0x00,0x00,0x00,0x00,0x00,0x00,0x00,0x00,0x3C,0x14,0x1E,0x23,0x0F,0x0F,0x19,0x5B,0x00,0x00,0x00,0x00,0x00,0x80,0x00,0x00,0x00,0x00,0x00,0x00,0x00
A7 Black Fang,0x0557,0x0221,0xA7,0x39,0x00,0x03,0x00,0x00,0x01,0x00,0xFF,0x00,0x00,0x00,0x00,0x00,0x00,0x00,0x00,0x00,0x00,0x00,0x00,0x00,0x00,0x3C,0x14,0x1E,0x23,0x0F,0x0F,0x19,0x00,0x00,0x00,0x00,0x00,0x00,0x00,0x00,0x00,0x00,0x00,0x00,0x00,0x00
A8 Black Fang,0x0557,0x0221,0xA8,0x0A,0x00,0x03,0x00,0x00,0x01,0x00,0xFF,0x00,0x00,0x00,0x00,0x00,0x00,0x47,0x00,0x00,0x00,0x00,0x00,0x00,0x00,0x55,0x19,0x3C,0x0A,0x0F,0x0F,0x19,0x00,0x00,0x00,0x00,0x00,0x00,0x00,0x00,0x00,0x00,0x00,0x00,0x00,0x00
A9 Black Fang,0x0557,0x0221,0xA9,0x18,0x00,0x03,0x00,0x00,0x01,0x00,0xFF,0x00,0x00,0x00,0x00,0x00,0x00,0x00,0x00,0x00,0x00,0x00,0x00,0x00,0x00,0x55,0x19,0x3C,0x0A,0x0F,0x0F,0x19,0x00,0x00,0x00,0x00,0x00,0x00,0x00,0x00,0x00,0x00,0x00,0x00,0x00,0x00
AA Black Fang,0x0557,0x0221,0xAA,0x38,0x00,0x03,0x00,0x00,0x01,0x00,0x00,0x00,0x00,0x00,0x00,0x00,0x00,0x00,0x00,0x00,0x00,0x00,0x00,0x00,0x00,0x55,0x19,0x3C,0x0A,0x0F,0x0F,0x19,0x00,0x00,0x00,0x00,0x00,0x00,0x00,0x00,0x00,0x00,0x00,0x00,0x00,0x00
AB Black Fang,0x0557,0x0221,0xAB,0x24,0x00,0x03,0x00,0x00,0x01,0x06,0x00,0x00,0x00,0x03,0xFE,0x00,0x00,0x00,0x00,0x00,0x00,0x00,0x00,0x00,0x00,0x55,0x19,0x3C,0x0A,0x0F,0x0F,0x19,0x00,0x00,0x00,0x00,0x00,0x00,0x00,0x00,0x00,0x00,0x00,0x00,0x00,0x00
AC Black Fang,0x0557,0x0221,0xAC,0x20,0x00,0x03,0x00,0x00,0x01,0x00,0x00,0x00,0x00,0x02,0xFF,0x00,0x00,0x00,0x00,0x00,0x00,0x00,0x00,0x00,0x00,0x55,0x19,0x3C,0x0A,0x0F,0x0F,0x19,0x00,0x00,0x00,0x00,0x00,0x00,0x00,0x00,0x00,0x00,0x00,0x00,0x00,0x00
AD Beyard,0x0545,0x01EA,0xAD,0x0A,0x91,0x00,0x00,0x00,0x07,0x06,0x02,0x00,0xFF,0x01,0x01,0x04,0x01,0x79,0x00,0x00,0x00,0x00,0x00,0x00,0x00,0x55,0x19,0x3C,0x0A,0x0F,0x0F,0x19,0x3B,0x00,0x00,0x00,0x00,0x00,0x80,0x00,0x00,0x00,0x00,0x00,0x00,0x00
AE Black Fang,0x0557,0x0221,0xAE,0x39,0x00,0x03,0x00,0x00,0x01,0x00,0xFF,0x00,0x00,0x00,0x00,0x00,0x00,0x00,0x00,0x00,0x00,0x00,0x00,0x00,0x00,0x3C,0x14,0x1E,0x23,0x0F,0x0F,0x19,0x00,0x00,0x00,0x00,0x00,0x00,0x00,0x00,0x00,0x00,0x00,0x00,0x00,0x00
AF Black Fang,0x0557,0x0221,0xAF,0x0A,0x00,0x03,0x00,0x00,0x01,0x00,0xFF,0x00,0x00,0x00,0x00,0x00,0x00,0x47,0x00,0x00,0x00,0x00,0x00,0x00,0x00,0x55,0x19,0x3C,0x0A,0x0F,0x0F,0x19,0x00,0x00,0x00,0x00,0x00,0x00,0x00,0x00,0x00,0x00,0x00,0x00,0x00,0x00
B0 Black Fang,0x0557,0x0221,0xB0,0x18,0x00,0x03,0x00,0x00,0x01,0x00,0xFF,0x00,0x00,0x00,0x00,0x00,0x00,0x00,0x00,0x00,0x00,0x00,0x00,0x00,0x00,0x55,0x19,0x3C,0x0A,0x0F,0x0F,0x19,0x00,0x00,0x00,0x00,0x00,0x00,0x00,0x00,0x00,0x00,0x00,0x00,0x00,0x00
B1 Black Fang,0x0557,0x0221,0xB1,0x38,0x00,0x03,0x00,0x00,0x01,0x00,0x00,0x00,0x00,0x00,0x00,0x00,0x00,0x00,0x00,0x00,0x00,0x00,0x00,0x00,0x00,0x55,0x19,0x3C,0x0A,0x0F,0x0F,0x19,0x00,0x00,0x00,0x00,0x00,0x00,0x00,0x00,0x00,0x00,0x00,0x00,0x00,0x00
B2 Black Fang,0x0557,0x0221,0xB2,0x3C,0x00,0x03,0x00,0x00,0x01,0x00,0x00,0x00,0x00,0x00,0x00,0x00,0x00,0x00,0x00,0x00,0x00,0x00,0x00,0x00,0x00,0x55,0x19,0x3C,0x0A,0x0F,0x0F,0x19,0x00,0x00,0x00,0x00,0x00,0x00,0x00,0x00,0x00,0x00,0x00,0x00,0x00,0x00
B3 Black Fang,0x0557,0x0221,0xB3,0x28,0x00,0x03,0x00,0x00,0x01,0x00,0x00,0x00,0x00,0x00,0x00,0x00,0x00,0x00,0x00,0x00,0x00,0x00,0x00,0x00,0x00,0x55,0x19,0x3C,0x0A,0x0F,0x0F,0x19,0x00,0x00,0x00,0x00,0x00,0x00,0x00,0x00,0x00,0x00,0x00,0x00,0x00,0x00
B4 Black Fang,0x0557,0x0221,0xB4,0x24,0x00,0x03,0x00,0x00,0x01,0x00,0x00,0x00,0x00,0x03,0xFE,0x00,0x00,0x00,0x00,0x00,0x00,0x00,0x00,0x00,0x00,0x55,0x19,0x3C,0x0A,0x0F,0x0F,0x19,0x00,0x00,0x00,0x00,0x00,0x00,0x00,0x00,0x00,0x00,0x00,0x00,0x00,0x00
B5 Black Fang,0x0557,0x0221,0xB5,0x20,0x00,0x03,0x00,0x00,0x01,0x00,0x00,0x00,0x00,0x02,0xFF,0x00,0x00,0x00,0x00,0x00,0x00,0x00,0x00,0x00,0x00,0x55,0x19,0x3C,0x0A,0x0F,0x0F,0x19,0x00,0x00,0x00,0x00,0x00,0x00,0x00,0x00,0x00,0x00,0x00,0x00,0x00,0x00
B6 Yogi,0x0546,0x01EB,0xB6,0x14,0x92,0x00,0x00,0x00,0x06,0x08,0x04,0x05,0x03,0x02,0x01,0x02,0xFF,0x00,0x47,0x00,0x00,0x00,0x00,0x00,0x00,0x3C,0x14,0x1E,0x23,0x0F,0x0F,0x19,0x0B,0x00,0x00,0x00,0x00,0x00,0x80,0x00,0x00,0x00,0x00,0x00,0x00,0x00
B7 Caelin,0x0553,0x0225,0xB7,0x39,0x00,0x03,0x00,0x00,0x01,0x00,0xFF,0x00,0x00,0x00,0x00,0x00,0x00,0x00,0x00,0x00,0x00,0x00,0x00,0x00,0x00,0x3C,0x14,0x1E,0x23,0x0F,0x0F,0x19,0x00,0x00,0x00,0x00,0x00,0x00,0x00,0x00,0x00,0x00,0x00,0x00,0x00,0x00
B8 Caelin,0x0553,0x0225,0xB8,0x0A,0x00,0x03,0x00,0x00,0x01,0x00,0xFF,0x00,0x00,0x00,0x00,0x00,0x00,0x47,0x00,0x00,0x00,0x00,0x00,0x00,0x00,0x55,0x19,0x3C,0x0A,0x0F,0x0F,0x19,0x00,0x00,0x00,0x00,0x00,0x00,0x00,0x00,0x00,0x00,0x00,0x00,0x00,0x00
B9 Caelin,0x0553,0x0225,0xB9,0x18,0x00,0x03,0x00,0x00,0x01,0x00,0xFF,0x00,0x00,0x00,0x00,0x00,0x00,0x00,0x00,0x00,0x00,0x00,0x00,0x00,0x00,0x55,0x19,0x3C,0x0A,0x0F,0x0F,0x19,0x00,0x00,0x00,0x00,0x00,0x00,0x00,0x00,0x00,0x00,0x00,0x00,0x00,0x00
BA Caelin,0x0553,0x0225,0xBA,0x38,0x00,0x03,0x00,0x00,0x01,0x00,0x00,0x00,0x00,0x00,0x00,0x00,0x00,0x00,0x00,0x00,0x00,0x00,0x00,0x00,0x00,0x55,0x19,0x3C,0x0A,0x0F,0x0F,0x19,0x00,0x00,0x00,0x00,0x00,0x00,0x00,0x00,0x00,0x00,0x00,0x00,0x00,0x00
BB Caelin,0x0553,0x0225,0xBB,0x28,0x00,0x03,0x00,0x00,0x01,0x00,0x00,0x00,0x00,0x00,0x00,0x00,0x00,0x00,0x00,0x00,0x00,0x00,0x00,0x00,0x00,0x55,0x19,0x3C,0x0A,0x0F,0x0F,0x19,0x00,0x00,0x00,0x00,0x00,0x00,0x00,0x00,0x00,0x00,0x00,0x00,0x00,0x00
BC Caelin,0x0553,0x0225,0xBC,0x24,0x00,0x03,0x00,0x00,0x01,0x00,0x00,0x00,0x00,0x03,0xFE,0x00,0x00,0x00,0x00,0x00,0x00,0x00,0x00,0x00,0x00,0x55,0x19,0x3C,0x0A,0x0F,0x0F,0x19,0x00,0x00,0x00,0x00,0x00,0x00,0x00,0x00,0x00,0x00,0x00,0x00,0x00,0x00
BD Caelin,0x0553,0x0225,0xBD,0x20,0x00,0x03,0x00,0x00,0x01,0x00,0x00,0x00,0x00,0x02,0xFF,0x00,0x00,0x00,0x00,0x00,0x00,0x00,0x00,0x00,0x00,0x55,0x19,0x3C,0x0A,0x0F,0x0F,0x19,0x00,0x00,0x00,0x00,0x00,0x00,0x00,0x00,0x00,0x00,0x00,0x00,0x00,0x00
BE Eagler,0x0547,0x01EC,0xBE,0x2A,0x93,0x00,0x00,0x00,0x01,0x07,0x03,0x02,0x00,0x02,0x02,0x02,0x01,0xB5,0xB5,0x00,0x00,0x00,0x00,0x00,0x00,0x3C,0x14,0x1E,0x23,0x0F,0x0F,0x19,0x00,0x07,0x00,0x00,0x00,0x00,0x80,0x00,0x00,0x00,0x00,0x00,0x00,0x00
BF Caelin,0x0553,0x0225,0xBF,0x39,0x00,0x03,0x00,0x00,0x01,0x00,0xFF,0x00,0x00,0x00,0x00,0x00,0x00,0x00,0x00,0x00,0x00,0x00,0x00,0x00,0x00,0x3C,0x14,0x1E,0x23,0x0F,0x0F,0x19,0x00,0x00,0x00,0x00,0x00,0x00,0x00,0x00,0x00,0x00,0x00,0x00,0x00,0x00
C0 Caelin,0x0553,0x0225,0xC0,0x3A,0x00,0x03,0x00,0x00,0x01,0x00,0xFF,0x00,0x00,0x00,0x00,0x00,0x00,0x00,0x00,0x00,0x00,0x00,0x00,0x00,0x00,0x3C,0x14,0x1E,0x23,0x0F,0x0F,0x19,0x00,0x00,0x00,0x00,0x00,0x00,0x00,0x00,0x00,0x00,0x00,0x00,0x00,0x00
C1 Caelin,0x0553,0x0225,0xC1,0x0A,0x00,0x03,0x00,0x00,0x01,0x00,0xFF,0x00,0x00,0x00,0x00,0x00,0x00,0x47,0x00,0x00,0x00,0x00,0x00,0x00,0x00,0x55,0x19,0x3C,0x0A,0x0F,0x0F,0x19,0x00,0x00,0x00,0x00,0x00,0x00,0x00,0x00,0x00,0x00,0x00,0x00,0x00,0x00
C2 Caelin,0x0553,0x0225,0xC2,0x18,0x00,0x03,0x00,0x00,0x01,0x00,0xFF,0x00,0x00,0x00,0x00,0x00,0x00,0x00,0x00,0x00,0x00,0x00,0x00,0x00,0x00,0x55,0x19,0x3C,0x0A,0x0F,0x0F,0x19,0x00,0x00,0x00,0x00,0x00,0x00,0x00,0x00,0x00,0x00,0x00,0x00,0x00,0x00
C3 Caelin,0x0553,0x0225,0xC3,0x38,0x00,0x03,0x00,0x00,0x01,0x00,0x00,0x00,0x00,0x00,0x00,0x00,0x00,0x00,0x00,0x00,0x00,0x00,0x00,0x00,0x00,0x55,0x19,0x3C,0x0A,0x0F,0x0F,0x19,0x00,0x00,0x00,0x00,0x00,0x00,0x00,0x00,0x00,0x00,0x00,0x00,0x00,0x00
C4 Caelin,0x0553,0x0225,0xC4,0x28,0x00,0x03,0x00,0x00,0x01,0x00,0x00,0x00,0x00,0x00,0x00,0x00,0x00,0x00,0x00,0x00,0x00,0x00,0x00,0x00,0x00,0x55,0x19,0x3C,0x0A,0x0F,0x0F,0x19,0x00,0x00,0x00,0x00,0x00,0x00,0x00,0x00,0x00,0x00,0x00,0x00,0x00,0x00
C5 Lundgren,0x0548,0x01ED,0xC5,0x16,0x94,0x00,0x00,0x00,0x05,0x0E,0x04,0x04,0x02,0x01,0x04,0x06,0x00,0x00,0xB5,0xB5,0x00,0x00,0x00,0x00,0x00,0x3C,0x14,0x1E,0x23,0x0F,0x0F,0x19,0x00,0x35,0x00,0x00,0x00,0x00,0x80,0x00,0x00,0x00,0x00,0x00,0x00,0x00
C6 Caelin,0x0553,0x0225,0xC6,0x39,0x00,0x03,0x00,0x00,0x01,0x00,0xFF,0x00,0x00,0x00,0x00,0x00,0x00,0x00,0x00,0x00,0x00,0x00,0x00,0x00,0x00,0x3C,0x14,0x1E,0x23,0x0F,0x0F,0x19,0x00,0x00,0x00,0x00,0x00,0x00,0x00,0x00,0x00,0x00,0x00,0x00,0x00,0x00
C7 Caelin,0x0553,0x0225,0xC7,0x0A,0x00,0x03,0x00,0x00,0x01,0x00,0xFF,0x00,0x00,0x00,0x00,0x00,0x00,0x47,0x00,0x00,0x00,0x00,0x00,0x00,0x00,0x55,0x19,0x3C,0x0A,0x0F,0x0F,0x19,0x00,0x00,0x00,0x00,0x00,0x00,0x00,0x00,0x00,0x00,0x00,0x00,0x00,0x00
C8 Caelin,0x0553,0x0225,0xC8,0x18,0x00,0x03,0x00,0x00,0x01,0x00,0xFF,0x00,0x00,0x00,0x00,0x00,0x00,0x00,0x00,0x00,0x00,0x00,0x00,0x00,0x00,0x55,0x19,0x3C,0x0A,0x0F,0x0F,0x19,0x00,0x00,0x00,0x00,0x00,0x00,0x00,0x00,0x00,0x00,0x00,0x00,0x00,0x00
C9 Caelin,0x0553,0x0225,0xC9,0x38,0x00,0x03,0x00,0x00,0x01,0x00,0x00,0x00,0x00,0x00,0x00,0x00,0x00,0x00,0x00,0x00,0x00,0x00,0x00,0x00,0x00,0x55,0x19,0x3C,0x0A,0x0F,0x0F,0x19,0x00,0x00,0x00,0x00,0x00,0x00,0x00,0x00,0x00,0x00,0x00,0x00,0x00,0x00
CA Caelin,0x0553,0x0225,0xCA,0x28,0x00,0x03,0x00,0x00,0x01,0x00,0x00,0x00,0x00,0x00,0x00,0x00,0x00,0x00,0x00,0x00,0x00,0x00,0x00,0x00,0x00,0x55,0x19,0x3C,0x0A,0x0F,0x0F,0x19,0x00,0x00,0x00,0x00,0x00,0x00,0x00,0x00,0x00,0x00,0x00,0x00,0x00,0x00
CB Caelin,0x0553,0x0225,0xCB,0x24,0x00,0x03,0x00,0x00,0x01,0x00,0x00,0x00,0x00,0x03,0xFE,0x00,0x00,0x00,0x00,0x00,0x00,0x00,0x00,0x00,0x00,0x55,0x19,0x3C,0x0A,0x0F,0x0F,0x19,0x00,0x00,0x00,0x00,0x00,0x00,0x00,0x00,0x00,0x00,0x00,0x00,0x00,0x00
CC Caelin,0x0553,0x0225,0xCC,0x20,0x00,0x03,0x00,0x00,0x01,0x00,0x00,0x00,0x00,0x02,0xFF,0x00,0x00,0x00,0x00,0x00,0x00,0x00,0x00,0x00,0x00,0x55,0x19,0x3C,0x0A,0x0F,0x0F,0x19,0x00,0x00,0x00,0x00,0x00,0x00,0x00,0x00,0x00,0x00,0x00,0x00,0x00,0x00
CD Tactician,0x054A,0x054B,0xCD,0x20,0x00,0x02,0x00,0x00,0x01,0x00,0x00,0x00,0x00,0x02,0xFF,0x00,0x00,0x00,0x00,0x00,0x00,0x00,0x00,0x00,0x00,0x55,0x19,0x3C,0x0A,0x0F,0x0F,0x19,0x00,0x00,0x00,0x00,0x00,0x00,0x00,0x00,0x00,0x00,0x00,0x00,0x00,0x00
CE Citizen,0x054B,0x054B,0xCE,0x47,0x00,0x02,0x00,0x00,0x01,0x00,0x00,0x00,0x00,0x02,0xFF,0x00,0x00,0x00,0x00,0x00,0x00,0x00,0x00,0x00,0x00,0x55,0x19,0x3C,0x0A,0x0F,0x0F,0x19,0x00,0x00,0x00,0x00,0x00,0x00,0x00,0x00,0x00,0x00,0x00,0x00,0x00,0x00
CF Citizen,0x054B,0x054B,0xCF,0x47,0x00,0x02,0x00,0x00,0x01,0x00,0x00,0x00,0x00,0x02,0xFF,0x00,0x00,0x00,0x00,0x00,0x00,0x00,0x00,0x00,0x00,0x55,0x19,0x3C,0x0A,0x0F,0x0F,0x19,0x00,0x00,0x00,0x00,0x00,0x00,0x00,0x00,0x00,0x00,0x00,0x00,0x00,0x00
D0 Citizen,0x054B,0x054B,0xD0,0x48,0x00,0x02,0x00,0x00,0x01,0x00,0x00,0x00,0x00,0x02,0xFF,0x00,0x00,0x00,0x00,0x00,0x00,0x00,0x00,0x00,0x00,0x55,0x19,0x3C,0x0A,0x0F,0x0F,0x19,0x00,0x00,0x00,0x00,0x00,0x00,0x40,0x00,0x00,0x00,0x00,0x00,0x00,0x00
D1 Citizen,0x054B,0x054B,0xD1,0x48,0x00,0x02,0x00,0x00,0x01,0x00,0x00,0x00,0x00,0x02,0xFF,0x00,0x00,0x00,0x00,0x00,0x00,0x00,0x00,0x00,0x00,0x55,0x19,0x3C,0x0A,0x0F,0x0F,0x19,0x00,0x00,0x00,0x00,0x00,0x00,0x40,0x00,0x00,0x00,0x00,0x00,0x00,0x00
D2 Citizen,0x054B,0x054B,0xD2,0x47,0x00,0x02,0x00,0x00,0x01,0x00,0x00,0x00,0x00,0x02,0xFF,0x00,0x00,0x00,0x00,0x00,0x00,0x00,0x00,0x00,0x00,0x55,0x19,0x3C,0x0A,0x0F,0x0F,0x19,0x00,0x00,0x00,0x00,0x00,0x00,0x00,0x00,0x00,0x00,0x00,0x00,0x00,0x00
D3 Citizen,0x054B,0x054B,0xD3,0x48,0x00,0x02,0x00,0x00,0x01,0x00,0x00,0x00,0x00,0x02,0xFF,0x00,0x00,0x00,0x00,0x00,0x00,0x00,0x00,0x00,0x00,0x55,0x19,0x3C,0x0A,0x0F,0x0F,0x19,0x00,0x00,0x00,0x00,0x00,0x00,0x40,0x00,0x00,0x00,0x00,0x00,0x00,0x00
D4 Citizen,0x054B,0x054B,0xD4,0x47,0x00,0x02,0x00,0x00,0x01,0x00,0x00,0x00,0x00,0x02,0xFF,0x00,0x00,0x00,0x00,0x00,0x00,0x00,0x00,0x00,0x00,0x55,0x19,0x3C,0x0A,0x0F,0x0F,0x19,0x00,0x00,0x00,0x00,0x00,0x00,0x00,0x00,0x00,0x00,0x00,0x00,0x00,0x00
D5 Citizen,0x054B,0x054B,0xD5,0x48,0x00,0x02,0x00,0x00,0x01,0x00,0x00,0x00,0x00,0x02,0xFF,0x00,0x00,0x00,0x00,0x00,0x00,0x00,0x00,0x00,0x00,0x55,0x19,0x3C,0x0A,0x0F,0x0F,0x19,0x00,0x00,0x00,0x00,0x00,0x00,0x40,0x00,0x00,0x00,0x00,0x00,0x00,0x00
D6 Citizen,0x054B,0x054B,0xD6,0x47,0x00,0x02,0x00,0x00,0x01,0x00,0x00,0x00,0x00,0x02,0xFF,0x00,0x00,0x00,0x00,0x00,0x00,0x00,0x00,0x00,0x00,0x55,0x19,0x3C,0x0A,0x0F,0x0F,0x19,0x00,0x00,0x00,0x00,0x00,0x00,0x00,0x00,0x00,0x00,0x00,0x00,0x00,0x00
D7 Merc,0x0556,0x0226,0xD7,0x39,0x00,0x03,0x00,0x00,0x01,0x00,0x00,0x00,0x00,0x00,0x00,0x00,0x00,0x00,0x00,0x00,0x00,0x00,0x00,0x00,0x00,0x3C,0x14,0x1E,0x23,0x0F,0x0F,0x19,0x00,0x00,0x00,0x00,0x00,0x00,0x00,0x00,0x08,0x00,0x00,0x00,0x00,0x00
D8 Pirate,0x0550,0x0220,0xD8,0x39,0x00,0x03,0x00,0x00,0x01,0x00,0x00,0x00,0x00,0x00,0x00,0x00,0x00,0x00,0x00,0x00,0x00,0x00,0x00,0x00,0x00,0x3C,0x14,0x1E,0x23,0x0F,0x0F,0x19,0x00,0x00,0x00,0x00,0x00,0x00,0x00,0x00,0x00,0x00,0x00,0x00,0x00,0x00
D9 Bandit,0x054F,0x021E,0xD9,0x39,0x00,0x03,0x00,0x00,0x01,0x00,0x00,0x00,0x00,0x00,0x00,0x00,0x00,0x00,0x00,0x00,0x00,0x00,0x00,0x00,0x00,0x3C,0x14,0x1E,0x23,0x0F,0x0F,0x19,0x00,0x00,0x00,0x00,0x00,0x00,0x00,0x00,0x08,0x00,0x00,0x00,0x00,0x00
DA Citizen,0x054B,0x0549,0xDA,0x39,0x00,0x03,0x00,0x00,0x01,0x00,0xFF,0x00,0x00,0x00,0x00,0x00,0x00,0x00,0x00,0x00,0x00,0x00,0x00,0x00,0x00,0x3C,0x14,0x1E,0x23,0x0F,0x0F,0x19,0x00,0x00,0x00,0x00,0x00,0x00,0x00,0x00,0x00,0x00,0x00,0x00,0x00,0x00
DB Citizen,0x054B,0x0549,0xDB,0x39,0x00,0x03,0x00,0x00,0x01,0x00,0xFF,0x00,0x00,0x00,0x00,0x00,0x00,0x00,0x00,0x00,0x00,0x00,0x00,0x00,0x00,0x3C,0x14,0x1E,0x23,0x0F,0x0F,0x19,0x00,0x00,0x00,0x00,0x00,0x00,0x00,0x00,0x00,0x00,0x00,0x00,0x00,0x00
DC Citizen,0x054B,0x0549,0xDC,0x39,0x00,0x03,0x00,0x00,0x01,0x00,0xFF,0x00,0x00,0x00,0x00,0x00,0x00,0x00,0x00,0x00,0x00,0x00,0x00,0x00,0x00,0x3C,0x14,0x1E,0x23,0x0F,0x0F,0x19,0x00,0x00,0x00,0x00,0x00,0x00,0x00,0x00,0x00,0x00,0x00,0x00,0x00,0x00
DD Black Fang,0x0557,0x0221,0xDD,0x38,0x00,0x03,0x00,0x00,0x01,0x00,0x00,0x00,0x00,0x00,0x00,0x00,0x00,0x00,0x00,0x00,0x00,0x00,0x00,0x00,0x00,0x55,0x19,0x3C,0x0A,0x0F,0x0F,0x19,0x00,0x00,0x00,0x00,0x00,0x00,0x00,0x00,0x08,0x00,0x00,0x00,0x00,0x00
DE Black Fang,0x0557,0x0221,0xDE,0x38,0x00,0x03,0x00,0x00,0x01,0x00,0x00,0x00,0x00,0x00,0x00,0x00,0x00,0x00,0x00,0x00,0x00,0x00,0x00,0x00,0x00,0x3C,0x14,0x1E,0x23,0x0F,0x0F,0x19,0x00,0x00,0x00,0x00,0x00,0x00,0x00,0x00,0x00,0x00,0x00,0x00,0x00,0x00
DF Bandit,0x054F,0x021E,0xDF,0x38,0x00,0x03,0x00,0x00,0x01,0x00,0x00,0x00,0x00,0x00,0x00,0x00,0x00,0x00,0x00,0x00,0x00,0x00,0x00,0x00,0x00,0x55,0x19,0x3C,0x0A,0x0F,0x0F,0x19,0x00,0x00,0x00,0x00,0x00,0x00,0x00,0x00,0x08,0x00,0x00,0x00,0x00,0x00
E0 Black Fang,0x0557,0x0221,0xE0,0x38,0x00,0x03,0x00,0x00,0x01,0x00,0x00,0x00,0x00,0x00,0x00,0x00,0x00,0x00,0x00,0x00,0x00,0x00,0x00,0x00,0x00,0x55,0x19,0x3C,0x0A,0x0F,0x0F,0x19,0x00,0x00,0x00,0x00,0x00,0x00,0x00,0x00,0x08,0x00,0x00,0x00,0x00,0x00
E1 Morph,0x0559,0x0228,0xE1,0x39,0x00,0x03,0x00,0x00,0x01,0x00,0x00,0x00,0x00,0x00,0x00,0x00,0x00,0x00,0x00,0x00,0x00,0x00,0x00,0x00,0x00,0x3C,0x14,0x1E,0x23,0x0F,0x0F,0x19,0x00,0x00,0x00,0x00,0x00,0x00,0x00,0x08,0x00,0x00,0x03,0x00,0x00,0x00
E2 Black Fang,0x0557,0x0221,0xE2,0x38,0x00,0x02,0x00,0x00,0x01,0x00,0x00,0x00,0x00,0x00,0x00,0x00,0x00,0x00,0x00,0x00,0x00,0x00,0x00,0x00,0x00,0x55,0x19,0x3C,0x0A,0x0F,0x0F,0x19,0x00,0x00,0x00,0x00,0x00,0x00,0x00,0x00,0x00,0x00,0x00,0x00,0x00,0x00
E3 Black Fang,0x0557,0x0221,0xE3,0x38,0x00,0x02,0x00,0x00,0x01,0x00,0x00,0x00,0x00,0x00,0x00,0x00,0x00,0x00,0x00,0x00,0x00,0x00,0x00,0x00,0x00,0x55,0x19,0x3C,0x0A,0x0F,0x0F,0x19,0x00,0x00,0x00,0x00,0x00,0x00,0x00,0x00,0x00,0x00,0x00,0x00,0x00,0x00
E4 Bandit,0x054F,0x021E,0xE4,0x39,0x00,0x03,0x00,0x00,0x01,0x00,0x00,0x00,0x00,0x00,0x00,0x00,0x00,0x00,0x00,0x00,0x00,0x00,0x00,0x00,0x00,0x3C,0x14,0x1E,0x23,0x0F,0x0F,0x19,0x00,0x00,0x00,0x00,0x00,0x00,0x00,0x00,0x00,0x00,0x00,0x00,0x00,0x00
E5 Ostia,0x0554,0x0222,0xE5,0x39,0x00,0x02,0x00,0x00,0x01,0x00,0x00,0x00,0x00,0x00,0x00,0x00,0x00,0x00,0x00,0x00,0x00,0x00,0x00,0x00,0x00,0x3C,0x14,0x1E,0x23,0x0F,0x0F,0x19,0x00,0x00,0x00,0x00,0x00,0x00,0x00,0x00,0x00,0x00,0x00,0x00,0x00,0x00
E6 Rath's unit,0x055A,0x0229,0xE6,0x39,0x00,0x02,0x00,0x00,0x01,0x00,0x00,0x00,0x00,0x00,0x00,0x00,0x00,0x00,0x00,0x00,0x00,0x00,0x00,0x00,0x00,0x3C,0x14,0x1E,0x23,0x0F,0x0F,0x19,0x00,0x00,0x00,0x00,0x00,0x00,0x00,0x00,0x00,0x00,0x00,0x00,0x00,0x00
E7 Bandit,0x054F,0x021E,0xE7,0x39,0x00,0x03,0x00,0x00,0x01,0x00,0x00,0x00,0x00,0x00,0x00,0x00,0x00,0x00,0x00,0x00,0x00,0x00,0x00,0x00,0x00,0x3C,0x14,0x1E,0x23,0x0F,0x0F,0x19,0x00,0x00,0x00,0x00,0x00,0x00,0x00,0x00,0x00,0x00,0x00,0x00,0x00,0x00
E8 Bandit,0x0551,0x0224,0xE8,0x39,0x00,0x03,0x00,0x00,0x01,0x00,0x00,0x00,0x00,0x00,0x00,0x00,0x00,0x00,0x00,0x00,0x00,0x00,0x00,0x00,0x00,0x3C,0x14,0x1E,0x23,0x0F,0x0F,0x19,0x00,0x00,0x00,0x00,0x00,0x00,0x00,0x00,0x00,0x00,0x00,0x00,0x00,0x00
E9 Bern,0x0555,0x0227,0xE9,0x39,0x00,0x03,0x00,0x00,0x01,0x00,0x00,0x00,0x00,0x00,0x00,0x00,0x00,0x00,0x00,0x00,0x00,0x00,0x00,0x00,0x00,0x3C,0x14,0x1E,0x23,0x0F,0x0F,0x19,0x00,0x00,0x00,0x00,0x00,0x00,0x00,0x00,0x00,0x00,0x00,0x00,0x00,0x00
EA Guardian,0x0558,0x0223,0xEA,0x39,0x00,0x03,0x00,0x00,0x01,0x00,0x00,0x00,0x00,0x00,0x00,0x00,0x00,0x00,0x00,0x00,0x00,0x00,0x00,0x00,0x00,0x3C,0x14,0x1E,0x23,0x0F,0x0F,0x19,0x00,0x00,0x00,0x00,0x00,0x00,0x00,0x00,0x00,0x00,0x00,0x00,0x00,0x00
EB Morph,0x0559,0x0228,0xEB,0x39,0x00,0x03,0x00,0x00,0x01,0x00,0x00,0x00,0x00,0x00,0x00,0x00,0x00,0x00,0x00,0x00,0x00,0x00,0x00,0x00,0x00,0x3C,0x14,0x1E,0x23,0x0F,0x0F,0x19,0x00,0x00,0x00,0x00,0x00,0x00,0x00,0x08,0x00,0x00,0x00,0x00,0x00,0x00
EC Laus,0x0552,0x021F,0xEC,0x39,0x00,0x03,0x00,0x00,0x01,0x00,0x00,0x00,0x00,0x00,0x00,0x00,0x00,0x00,0x00,0x00,0x00,0x00,0x00,0x00,0x00,0x3C,0x14,0x1E,0x23,0x0F,0x0F,0x19,0x00,0x00,0x00,0x00,0x00,0x00,0x00,0x00,0x08,0x00,0x00,0x00,0x00,0x00
ED Bandit,0x054F,0x021E,0xED,0x39,0x00,0x03,0x00,0x00,0x01,0x00,0x00,0x00,0x00,0x00,0x00,0x00,0x00,0x00,0x00,0x00,0x00,0x00,0x00,0x00,0x00,0x3C,0x14,0x1E,0x23,0x0F,0x0F,0x19,0x00,0x00,0x00,0x00,0x00,0x00,0x00,0x00,0x08,0x00,0x00,0x00,0x00,0x00
EE Bandit,0x0551,0x0224,0xEE,0x39,0x00,0x03,0x00,0x00,0x01,0x00,0x00,0x00,0x00,0x00,0x00,0x00,0x00,0x00,0x00,0x00,0x00,0x00,0x00,0x00,0x00,0x3C,0x14,0x1E,0x23,0x0F,0x0F,0x19,0x00,0x00,0x00,0x00,0x00,0x00,0x00,0x00,0x08,0x00,0x00,0x00,0x00,0x00
EF Bern,0x0555,0x0227,0xEF,0x39,0x00,0x03,0x00,0x00,0x01,0x00,0x00,0x00,0x00,0x00,0x00,0x00,0x00,0x00,0x00,0x00,0x00,0x00,0x00,0x00,0x00,0x3C,0x14,0x1E,0x23,0x0F,0x0F,0x19,0x00,0x00,0x00,0x00,0x00,0x00,0x00,0x00,0x08,0x00,0x00,0x00,0x00,0x00
F0 Guardian,0x0558,0x0223,0xF0,0x39,0x00,0x03,0x00,0x00,0x01,0x00,0x00,0x00,0x00,0x00,0x00,0x00,0x00,0x00,0x00,0x00,0x00,0x00,0x00,0x00,0x00,0x3C,0x14,0x1E,0x23,0x0F,0x0F,0x19,0x00,0x00,0x00,0x00,0x00,0x00,0x00,0x00,0x08,0x00,0x00,0x00,0x00,0x00
F1 Morph,0x0559,0x0228,0xF1,0x39,0x00,0x03,0x00,0x00,0x01,0x00,0x00,0x00,0x00,0x00,0x00,0x00,0x00,0x00,0x00,0x00,0x00,0x00,0x00,0x00,0x00,0x3C,0x14,0x1E,0x23,0x0F,0x0F,0x19,0x00,0x00,0x00,0x00,0x00,0x00,0x00,0x08,0x08,0x00,0x00,0x00,0x00,0x00
F2 Guardian,0x0558,0x0223,0xF2,0x3C,0x00,0x03,0x00,0x00,0x01,0x00,0x00,0x00,0x0F,0x00,0x00,0x00,0x00,0x00,0x00,0x00,0x00,0x00,0x00,0x00,0x00,0x3C,0x14,0x1E,0x23,0x0F,0x0F,0x19,0x00,0x00,0x00,0x00,0x00,0x00,0x00,0x00,0x08,0x00,0x00,0x00,0x00,0x00
F3 Black Fang,0x0557,0x0221,0xF3,0x3A,0x00,0x03,0x00,0x00,0x01,0x00,0x00,0x00,0x00,0x00,0x00,0x00,0x00,0x00,0x00,0x00,0x00,0x00,0x00,0x00,0x00,0x3C,0x14,0x1E,0x23,0x0F,0x0F,0x19,0x00,0x00,0x00,0x00,0x00,0x00,0x00,0x00,0x00,0x00,0x00,0x00,0x00,0x00
F4 Lloyd,0x0535,0x0215,0xF4,0x10,0x96,0x00,0x07,0x00,0x14,0x1F,0x0F,0x0F,0x11,0x0D,0x14,0x00,0x00,0xFB,0x00,0x00,0x00,0x00,0x00,0x00,0x00,0x55,0x32,0x0A,0x0A,0x0A,0x0F,0x1E,0x00,0x69,0x00,0x08,0x00,0x00,0x00,0x08,0x08,0xC98F68,0x04,0x00,0x00,0x00
F5 Linus,0x0536,0x0216,0xF5,0x0C,0x97,0x00,0x02,0x00,0x14,0x26,0x12,0x0E,0x09,0x0D,0x11,0x00,0x04,0xFB,0x00,0xB5,0x00,0x00,0x00,0x00,0x00,0x55,0x32,0x0A,0x0A,0x0A,0x0F,0x1E,0x00,0x1F,0x00,0x05,0x00,0x00,0x00,0x08,0x00,0xC98F80,0x04,0x00,0x00,0x00
F6 Brendan,0x0527,0x0217,0xF6,0x13,0x98,0x00,0x06,0x00,0x14,0x25,0x15,0x0F,0x0B,0x0E,0x11,0x00,0x02,0x00,0x00,0xFB,0xFB,0x00,0x00,0x00,0x00,0x55,0x32,0x0A,0x0A,0x0A,0x0F,0x1E,0x00,0x71,0x00,0x00,0x00,0x00,0x00,0x08,0x08,0x00,0x03,0x00,0x00,0x00
F7 Uhai,0x051E,0x0218,0xF7,0x30,0x99,0x00,0x00,0x00,0x14,0x22,0x0F,0x14,0x12,0x0C,0x0F,0x00,0x03,0xB5,0x00,0x00,0xFB,0x00,0x00,0x00,0x00,0x55,0x32,0x0A,0x0A,0x0A,0x0F,0x1E,0x00,0x44,0x00,0x00,0x00,0x00,0x00,0x08,0x08,0x00,0x04,0x00,0x00,0x00
F8 Ursula,0x0523,0x0219,0xF8,0x2D,0x9A,0x00,0x00,0x00,0x14,0x1D,0x14,0x13,0x11,0x0C,0x11,0x00,0x01,0x00,0x00,0x00,0x00,0xB5,0xFB,0x00,0x00,0x55,0x32,0x0A,0x0A,0x0A,0x0F,0x1E,0x00,0x6F,0x00,0x00,0x00,0x00,0x40,0x08,0x08,0x00,0x00,0x00,0x00,0x00
F9 Kenneth,0x052C,0x021A,0xF9,0x1E,0x9B,0x00,0x00,0x00,0x14,0x23,0x13,0x0F,0x0E,0x0B,0x15,0x00,0x03,0x00,0x00,0x00,0x00,0xB5,0x00,0xFB,0x00,0x55,0x32,0x0A,0x0A,0x0A,0x0F,0x1E,0x00,0x18,0x00,0x00,0x00,0x00,0x00,0x08,0x08,0x00,0x04,0x00,0x00,0x00
FA Darin,0x0520,0x021C,0xFA,0x16,0x9C,0x00,0x00,0x00,0x14,0x29,0x0F,0x0E,0x0C,0x10,0x0C,0x00,0x00,0x00,0xFB,0xB5,0x00,0x00,0x00,0x00,0x00,0x55,0x32,0x0A,0x0A,0x0A,0x0F,0x1E,0x00,0x32,0x00,0x00,0x00,0x00,0x00,0x08,0x08,0x00,0x04,0x00,0x00,0x00
FB Enemy,0x054C,0x00,0xFB,0x39,0x00,0x00,0x00,0x00,0x00,0x00,0x00,0x00,0x00,0x00,0x00,0x00,0x00,0x00,0x00,0x00,0x00,0x00,0x00,0x00,0x00,0x00,0x00,0x00,0x00,0x00,0x00,0x00,0x00,0x00,0x00,0x00,0x00,0x00,0x00,0x00,0x00,0x00,0x00,0x00,0x00,0x00
FC Wall,0x054D,0x00,0xFC,0x39,0x00,0x00,0x00,0x00,0x00,0x00,0x00,0x00,0x00,0x00,0x00,0x00,0x00,0x00,0x00,0x00,0x00,0x00,0x00,0x00,0x00,0x00,0x00,0x00,0x00,0x00,0x00,0x00,0x00,0x00,0x00,0x00,0x00,0x00,0x00,0x00,0x00,0x00,0x00,0x00,0x00,0x00
FD Snag,0x054E,0x00,0xFD,0x39,0x00,0x00,0x00,0x00,0x00,0x00,0x00,0x00,0x00,0x00,0x00,0x00,0x00,0x00,0x00,0x00,0x00,0x00,0x00,0x00,0x00,0x00,0x00,0x00,0x00,0x00,0x00,0x00,0x00,0x00,0x00,0x00,0x00,0x00,0x00,0x00,0x00,0x00,0x00,0x00,0x00,0x00
