INLINE NewClassTable,Name,Details,ID,Menu Class,Standing Map Anims,Movement Speed,Generic Enemy Portrait,Sort Order,HP,POW,SKL,SPD,DEF,RES,CON,MOVE,HP,POW,SKL,SPD,DEF,RES,CON,Relative Power,HP,POW,SKL,SPD,DEF,RES,LUK,??,??,Ability 1,Ability 2,Ability 3,Ability 4,Sword,Lance,Axe,Bow,Staff,Anima,Light,Dark,P48,P52,P56,P60,P64,???
0,0x00,0x00,0x00,0x00,0x00,0x00,0x00,0x00,0x00,0x00,0x00,0x00,0x00,0x00,0x00,0x00,0x00,0x00,0x00,0x00,0x00,0xAD,0x08,0x00,0x00,0xE2,0x31,0x00,0x00,0x00,0x00,0x00,0x00,0x00,0x00,0x00,0x00,0x00,0x00,0x00,0x00,0x00,0x00,0x00,0x00,0x00,0x00,0x00,0x00,0x00,0x00
01 Lord,0x07A9,0x0569,0x01,0x43,0x00,0x00,0xB2,0x01,0x12,0x03,0x03,0x04,0x05,0x00,0x06,0x05,0x3C,0x14,0x14,0x14,0x14,0x14,0x14,0x03,0x5A,0x2D,0x28,0x2D,0x0F,0x0C,0x28,0x00,0x00,0x00,0x20,0x01,0x00,0x33,0x00,0x00,0x00,0x00,0x00,0x00,0x00,0x662828,0x60C648,0x60C978,0x60C9AB,0x60C9DE,0x00
02 Mercenary,0x07AA,0x0571,0x02,0x04,0x01,0x00,0xB7,0x08,0x12,0x04,0x08,0x08,0x04,0x00,0x09,0x05,0x3C,0x14,0x14,0x14,0x14,0x14,0x14,0x03,0x50,0x28,0x28,0x20,0x12,0x0F,0x1E,0x00,0x00,0x00,0x00,0x00,0x00,0x33,0x00,0x00,0x00,0x00,0x00,0x00,0x00,0x662838,0x60C67B,0x60C978,0x60C9AB,0x60C9DE,0x00
3,0x07AB,0x0571,0x03,0x05,0x02,0x00,0xB7,0x00,0x10,0x03,0x05,0x06,0x02,0x00,0x08,0x05,0x3C,0x14,0x14,0x14,0x14,0x14,0x14,0x03,0x50,0x28,0x28,0x20,0x12,0x0F,0x1E,0x00,0x00,0x00,0x00,0x00,0x00,0x33,0x00,0x00,0x00,0x00,0x00,0x00,0x00,0x00,0x60C67B,0x60C978,0x60C9AB,0x60C9DE,0x00
04 Hero,0x07AC,0x057E,0x04,0x02,0x03,0x00,0xB8,0x09,0x16,0x06,0x09,0x0A,0x08,0x02,0x0A,0x06,0x3C,0x19,0x1E,0x1A,0x19,0x16,0x14,0x03,0x4B,0x1E,0x1E,0x14,0x14,0x0A,0x19,0x00,0x00,0x00,0x01,0x00,0x00,0x65,0x00,0x01,0x00,0x00,0x00,0x00,0x00,0x662844,0x60C648,0x60C978,0x60C9AB,0x60C9DE,0x00
05 Hero,0x07AD,0x057E,0x05,0x03,0x04,0x00,0xB8,0x0A,0x16,0x06,0x0A,0x0B,0x06,0x03,0x09,0x06,0x3C,0x18,0x1E,0x1A,0x18,0x18,0x14,0x03,0x4B,0x1E,0x1E,0x14,0x14,0x0A,0x19,0x00,0x00,0x00,0x01,0x00,0x00,0x65,0x00,0x01,0x00,0x00,0x00,0x00,0x00,0x66285C,0x60C648,0x60C978,0x60C9AB,0x60C9DE,0x00
06 Myrmidon,0x07AE,0x0574,0x06,0x08,0x05,0x00,0x99,0x0B,0x10,0x04,0x09,0x09,0x02,0x00,0x08,0x05,0x3C,0x14,0x14,0x14,0x14,0x14,0x14,0x03,0x46,0x23,0x28,0x28,0x0F,0x11,0x1E,0x00,0x00,0x00,0x00,0x02,0x00,0x33,0x00,0x00,0x00,0x00,0x00,0x00,0x00,0x662874,0x60C67B,0x60C978,0x60C9AB,0x60C9DE,0x00
07 Myrmidon,0x07AF,0x0574,0x07,0x09,0x06,0x00,0x99,0x0C,0x0F,0x03,0x09,0x0A,0x01,0x01,0x05,0x05,0x3C,0x14,0x14,0x14,0x14,0x14,0x14,0x03,0x46,0x23,0x28,0x28,0x0F,0x11,0x1E,0x00,0x00,0x00,0x00,0x02,0x00,0x33,0x00,0x00,0x00,0x00,0x00,0x00,0x00,0x662880,0x60C67B,0x60C978,0x60C9AB,0x60C9DE,0x00
08 Swordmaster,0x07B0,0x0583,0x08,0x06,0x07,0x00,0x9A,0x0D,0x15,0x06,0x0B,0x0A,0x05,0x02,0x09,0x06,0x3C,0x18,0x1D,0x1E,0x16,0x17,0x14,0x03,0x41,0x19,0x1E,0x1E,0x0F,0x0C,0x19,0x00,0x00,0x40,0x01,0x02,0x00,0x65,0x00,0x00,0x00,0x00,0x00,0x00,0x00,0x66288C,0x60C648,0x60C978,0x60C9AB,0x60C9DE,0x00
09 Swordmaster,0x07B1,0x0583,0x09,0x07,0x08,0x00,0x9A,0x0E,0x13,0x06,0x0B,0x0C,0x04,0x03,0x06,0x06,0x3C,0x16,0x1D,0x1E,0x16,0x19,0x14,0x03,0x41,0x19,0x1E,0x1E,0x0F,0x0C,0x19,0x00,0x00,0x40,0x01,0x02,0x00,0x65,0x00,0x00,0x00,0x00,0x00,0x00,0x00,0x662898,0x60C648,0x60C978,0x60C9AB,0x60C9DE,0x00
0A Fighter,0x07B2,0x0572,0x0A,0x0B,0x09,0x00,0x9B,0x0F,0x14,0x05,0x02,0x04,0x02,0x00,0x0B,0x05,0x3C,0x14,0x14,0x14,0x14,0x14,0x14,0x03,0x55,0x37,0x23,0x1E,0x0F,0x0A,0x0F,0x00,0x00,0x00,0x00,0x00,0x00,0x00,0x00,0x33,0x00,0x00,0x00,0x00,0x00,0x6628A4,0x60C6E1,0x60C978,0x60C9AB,0x60C9DE,0x00
0B Warrior,0x07B3,0x057F,0x0B,0x0A,0x0A,0x00,0x9C,0x10,0x1C,0x08,0x05,0x06,0x05,0x00,0x0D,0x06,0x3C,0x1E,0x1A,0x18,0x1C,0x14,0x14,0x03,0x50,0x2D,0x19,0x14,0x10,0x07,0x0F,0x00,0x00,0x00,0x01,0x00,0x00,0x00,0x00,0x65,0x01,0x00,0x00,0x00,0x00,0x6628B8,0x60C6E1,0x60C978,0x60C9AB,0x60C9DE,0x00
0C Knight,0x07B4,0x056E,0x0C,0x0E,0x0B,0x01,0x9D,0x14,0x11,0x05,0x02,0x00,0x09,0x00,0x0D,0x04,0x3C,0x14,0x14,0x14,0x14,0x14,0x14,0x03,0x50,0x28,0x23,0x0F,0x1C,0x05,0x19,0x00,0x00,0x00,0x00,0x00,0x00,0x00,0x33,0x00,0x00,0x00,0x00,0x00,0x00,0x6628D0,0x60C6AE,0x60C978,0x60C9AB,0x60C9DE,0x00
0D Knight,0x07B5,0x056E,0x0D,0x0F,0x0B,0x01,0x9D,0x15,0x10,0x04,0x03,0x01,0x08,0x01,0x0A,0x04,0x3C,0x14,0x14,0x14,0x14,0x14,0x14,0x03,0x50,0x28,0x23,0x0F,0x1C,0x05,0x19,0x00,0x00,0x00,0x00,0x00,0x00,0x00,0x33,0x00,0x00,0x00,0x00,0x00,0x00,0x6628DC,0x60C6AE,0x60C978,0x60C9AB,0x60C9DE,0x00
0E General,0x07B6,0x0589,0x0E,0x0C,0x0C,0x01,0x9E,0x16,0x15,0x08,0x04,0x03,0x0D,0x03,0x0F,0x05,0x3C,0x1B,0x19,0x15,0x1E,0x19,0x14,0x03,0x4B,0x1E,0x19,0x0A,0x17,0x0F,0x14,0x00,0x00,0x00,0x01,0x00,0x00,0x00,0x65,0x01,0x00,0x00,0x00,0x00,0x00,0x6628E8,0x60C6AE,0x60C978,0x60C9AB,0x60C9DE,0x00
0F General,0x07B7,0x0589,0x0F,0x0D,0x0C,0x01,0x9E,0x17,0x14,0x08,0x05,0x05,0x0B,0x04,0x0B,0x05,0x3C,0x19,0x19,0x16,0x1E,0x1A,0x14,0x03,0x4B,0x1E,0x23,0x0A,0x17,0x0F,0x14,0x00,0x00,0x00,0x01,0x00,0x00,0x00,0x65,0x01,0x00,0x00,0x00,0x00,0x00,0x662900,0x60C6AE,0x60C978,0x60C9AB,0x60C9DE,0x00
10 Archer,0x07B8,0x056D,0x10,0x12,0x0D,0x00,0x9F,0x28,0x12,0x04,0x03,0x03,0x03,0x00,0x07,0x05,0x3C,0x14,0x14,0x14,0x14,0x14,0x14,0x03,0x46,0x23,0x28,0x20,0x0F,0x0A,0x23,0x00,0x00,0x80,0x00,0x00,0x00,0x00,0x00,0x00,0x33,0x00,0x00,0x00,0x00,0x662918,0x60C67B,0x60C978,0x60C9AB,0x60C9DE,0x00
11 Archer,0x07B9,0x056D,0x11,0x13,0x0E,0x00,0x9F,0x29,0x11,0x03,0x03,0x04,0x03,0x00,0x06,0x05,0x3C,0x14,0x14,0x14,0x14,0x14,0x14,0x03,0x46,0x23,0x28,0x20,0x0F,0x0A,0x23,0x00,0x00,0x80,0x00,0x00,0x00,0x00,0x00,0x00,0x33,0x00,0x00,0x00,0x00,0x662930,0x60C67B,0x60C978,0x60C9AB,0x60C9DE,0x00
12 Sniper,0x07BA,0x0588,0x12,0x10,0x0F,0x00,0xA0,0x29,0x15,0x07,0x06,0x05,0x05,0x02,0x08,0x06,0x3C,0x18,0x1E,0x1D,0x16,0x17,0x14,0x03,0x41,0x1E,0x1E,0x14,0x0F,0x0F,0x1E,0x00,0x00,0x80,0x01,0x00,0x00,0x00,0x00,0x00,0x65,0x00,0x00,0x00,0x00,0x662948,0x60C648,0x60C978,0x60C9AB,0x60C9DE,0x00
13 Sniper,0x07BB,0x0588,0x13,0x11,0x10,0x00,0xA0,0x2B,0x13,0x06,0x06,0x07,0x05,0x03,0x07,0x06,0x3C,0x17,0x1E,0x1D,0x15,0x19,0x14,0x03,0x41,0x1E,0x1E,0x14,0x0F,0x0F,0x1E,0x00,0x00,0x80,0x01,0x00,0x00,0x00,0x00,0x00,0x65,0x00,0x00,0x00,0x00,0x662960,0x60C648,0x60C978,0x60C9AB,0x60C9DE,0x00
14 Priest,0x07BC,0x056F,0x14,0x16,0x11,0x00,0xA1,0x1A,0x12,0x01,0x01,0x02,0x01,0x05,0x05,0x05,0x3C,0x14,0x14,0x14,0x14,0x14,0x14,0x02,0x32,0x1E,0x23,0x20,0x08,0x32,0x2D,0x00,0x00,0x00,0x00,0x00,0x00,0x00,0x00,0x00,0x00,0x33,0x00,0x00,0x00,0x662978,0x60C7E0,0x60C978,0x60C9AB,0x60C9DE,0x0860CB43
15 Cleric,0x07BD,0x056F,0x15,0x17,0x12,0x00,0xA1,0x1B,0x10,0x01,0x02,0x02,0x00,0x06,0x04,0x05,0x3C,0x14,0x14,0x14,0x14,0x14,0x14,0x02,0x32,0x1E,0x23,0x20,0x08,0x32,0x2D,0x00,0x00,0x00,0x00,0x00,0x00,0x00,0x00,0x00,0x00,0x33,0x00,0x00,0x00,0x662984,0x60C7E0,0x60C978,0x60C9AB,0x60C9DE,0x0860CB43
16 Bishop,0x07BE,0x0586,0x16,0x14,0x13,0x00,0xA2,0x1C,0x15,0x04,0x04,0x04,0x03,0x08,0x06,0x06,0x3C,0x19,0x1A,0x19,0x16,0x1E,0x14,0x03,0x2D,0x23,0x19,0x16,0x08,0x28,0x28,0x00,0x00,0x00,0x01,0x00,0x00,0x00,0x00,0x00,0x00,0x65,0x00,0x33,0x00,0x662990,0x60C7E0,0x60C978,0x60C9AB,0x60C9DE,0x0860CB43
17 Bishop,0x07BF,0x0586,0x17,0x15,0x14,0x00,0xA2,0x1D,0x13,0x04,0x05,0x04,0x02,0x09,0x05,0x06,0x3C,0x1A,0x19,0x1A,0x15,0x1E,0x14,0x03,0x2D,0x23,0x19,0x16,0x08,0x28,0x28,0x00,0x00,0x00,0x01,0x00,0x00,0x00,0x00,0x00,0x00,0x65,0x00,0x33,0x00,0x6629A8,0x60C7E0,0x60C978,0x60C9AB,0x60C9DE,0x0860CB43
18 Mage,0x07C0,0x0575,0x18,0x1A,0x15,0x00,0xA3,0x1E,0x10,0x01,0x02,0x03,0x03,0x03,0x06,0x05,0x3C,0x14,0x14,0x14,0x14,0x14,0x14,0x03,0x37,0x37,0x28,0x23,0x05,0x23,0x14,0x00,0x00,0x00,0x00,0x00,0x00,0x00,0x00,0x00,0x00,0x00,0x33,0x00,0x00,0x6629C0,0x60C7E0,0x60C978,0x60C9AB,0x60C9DE,0x00
19 Mage,0x07C1,0x0575,0x19,0x1B,0x16,0x00,0xA3,0x1F,0x10,0x01,0x03,0x02,0x02,0x04,0x04,0x05,0x3C,0x14,0x14,0x14,0x14,0x14,0x14,0x03,0x37,0x37,0x28,0x23,0x05,0x23,0x14,0x00,0x00,0x00,0x00,0x00,0x00,0x00,0x00,0x00,0x00,0x00,0x33,0x00,0x00,0x6629D4,0x60C7E0,0x60C978,0x60C9AB,0x60C9DE,0x00
1A Sage,0x07C2,0x0585,0x1A,0x18,0x17,0x00,0xA4,0x20,0x14,0x05,0x04,0x04,0x05,0x05,0x07,0x06,0x3C,0x1C,0x1E,0x19,0x14,0x19,0x14,0x03,0x2D,0x2D,0x1E,0x19,0x0A,0x19,0x0F,0x00,0x00,0x00,0x01,0x00,0x00,0x00,0x00,0x00,0x00,0x01,0x65,0x00,0x00,0x6629E8,0x60C7E0,0x60C978,0x60C9AB,0x60C9DE,0x00
1B Sage,0x07C3,0x0585,0x1B,0x19,0x18,0x00,0xA4,0x21,0x13,0x04,0x06,0x05,0x03,0x06,0x05,0x06,0x3C,0x1E,0x1C,0x19,0x14,0x19,0x14,0x03,0x2D,0x2D,0x1E,0x19,0x0A,0x19,0x0F,0x00,0x00,0x00,0x01,0x00,0x00,0x00,0x00,0x00,0x00,0x01,0x65,0x00,0x00,0x662A00,0x60C7E0,0x60C978,0x60C9AB,0x60C9DE,0x00
1C Shaman,0x07C4,0x0579,0x1C,0x1E,0x19,0x01,0xA5,0x21,0x10,0x02,0x01,0x02,0x02,0x04,0x05,0x05,0x3C,0x14,0x14,0x14,0x14,0x14,0x14,0x03,0x32,0x32,0x20,0x1E,0x0A,0x25,0x14,0x00,0x00,0x00,0x00,0x00,0x00,0x00,0x00,0x00,0x00,0x00,0x00,0x00,0x33,0x662A18,0x60C7E0,0x60C978,0x60C9AB,0x60C9DE,0x00
1D Shaman,0x07C5,0x0579,0x1D,0x1F,0x1A,0x01,0xA5,0x22,0x0F,0x03,0x01,0x01,0x01,0x05,0x03,0x05,0x3C,0x14,0x14,0x14,0x14,0x14,0x14,0x03,0x32,0x2D,0x20,0x1E,0x0A,0x25,0x14,0x00,0x00,0x00,0x00,0x00,0x00,0x00,0x00,0x00,0x00,0x00,0x00,0x00,0x33,0x662A2C,0x60C7E0,0x60C978,0x60C9AB,0x60C9DE,0x00
1E Druid,0x07C6,0x0580,0x1E,0x1C,0x1B,0x01,0xA6,0x23,0x13,0x06,0x03,0x04,0x04,0x06,0x06,0x06,0x3C,0x1D,0x18,0x1A,0x15,0x1C,0x14,0x03,0x2D,0x37,0x1E,0x19,0x0A,0x1B,0x14,0x00,0x00,0x00,0x01,0x00,0x00,0x00,0x00,0x00,0x00,0x01,0x00,0x00,0x65,0x662A40,0x60C7E0,0x60C978,0x60C9AB,0x60C9DE,0x00
1F Druid,0x07C7,0x0580,0x1F,0x1D,0x1C,0x01,0xA6,0x24,0x11,0x07,0x03,0x04,0x03,0x07,0x04,0x06,0x3C,0x1D,0x18,0x1A,0x14,0x1D,0x14,0x03,0x2D,0x37,0x1E,0x19,0x0A,0x1B,0x14,0x00,0x00,0x00,0x01,0x00,0x00,0x00,0x00,0x00,0x00,0x01,0x00,0x00,0x65,0x662A58,0x60C7E0,0x60C978,0x60C9AB,0x60C9DE,0x00
20 Cavalier,0x07C8,0x056B,0x20,0x22,0x1D,0x00,0xA7,0x18,0x14,0x05,0x02,0x05,0x06,0x00,0x09,0x07,0x3C,0x14,0x14,0x14,0x14,0x14,0x14,0x03,0x4B,0x23,0x28,0x1C,0x0F,0x0C,0x1E,0x00,0x00,0x03,0x04,0x00,0x00,0x01,0x33,0x00,0x00,0x00,0x00,0x00,0x00,0x662A70,0x60C846,0x60C978,0x60C9AB,0x60C9DE,0x00
21,0x07C9,0x056B,0x21,0x23,0x1E,0x00,0xA7,0x00,0x12,0x05,0x03,0x03,0x06,0x00,0x09,0x07,0x3C,0x14,0x14,0x14,0x14,0x14,0x14,0x03,0x4B,0x23,0x28,0x1C,0x0F,0x0C,0x1E,0x00,0x00,0x03,0x04,0x00,0x00,0x33,0x01,0x00,0x00,0x00,0x00,0x00,0x00,0x00,0x60C846,0x60C978,0x60C9AB,0x60C9DE,0x00
22 Paladin,0x07CA,0x056C,0x22,0x20,0x1F,0x00,0xA8,0x19,0x17,0x07,0x04,0x07,0x08,0x03,0x0B,0x08,0x3C,0x19,0x1C,0x19,0x19,0x19,0x14,0x03,0x46,0x19,0x1E,0x12,0x0C,0x11,0x19,0x00,0x00,0x03,0x05,0x00,0x00,0x33,0x65,0x01,0x00,0x00,0x00,0x00,0x00,0x662A80,0x60C879,0x60C978,0x60C9AB,0x60C9DE,0x00
23,0x07CB,0x056C,0x23,0x21,0x20,0x00,0xA8,0x00,0x17,0x06,0x06,0x0B,0x07,0x06,0x0A,0x08,0x3C,0x18,0x1C,0x18,0x18,0x1A,0x14,0x04,0x46,0x19,0x23,0x19,0x0C,0x11,0x19,0x00,0x00,0x03,0x05,0x00,0x00,0x65,0x33,0x01,0x00,0x00,0x00,0x00,0x00,0x00,0x60C879,0x60C978,0x60C9AB,0x60C9DE,0x00
24 Troubadour,0x07CC,0x0573,0x24,0x25,0x21,0x00,0xA9,0x26,0x0F,0x01,0x01,0x03,0x02,0x05,0x05,0x07,0x3C,0x14,0x14,0x14,0x14,0x14,0x14,0x02,0x32,0x19,0x23,0x37,0x0C,0x1E,0x2D,0x00,0x00,0x03,0x04,0x00,0x00,0x00,0x00,0x00,0x00,0x33,0x00,0x00,0x00,0x662A94,0x60C846,0x60C978,0x60C9AB,0x60C9DE,0x00
25 Valkyrie,0x07CD,0x0581,0x25,0x24,0x22,0x00,0xAA,0x27,0x13,0x04,0x03,0x05,0x04,0x08,0x06,0x08,0x3C,0x1B,0x18,0x19,0x18,0x1C,0x14,0x03,0x2D,0x23,0x19,0x2D,0x0A,0x14,0x28,0x00,0x00,0x03,0x05,0x00,0x00,0x00,0x00,0x00,0x00,0x65,0x01,0x00,0x00,0x662AA0,0x60C879,0x60C978,0x60C9AB,0x60C9DE,0x00
26 Nomad,0x07CE,0x0576,0x26,0x28,0x23,0x00,0xAB,0x2C,0x10,0x05,0x04,0x05,0x04,0x00,0x07,0x07,0x3C,0x14,0x14,0x14,0x14,0x14,0x14,0x03,0x41,0x1E,0x28,0x2D,0x0C,0x0F,0x1E,0x00,0x00,0x03,0x04,0x00,0x00,0x00,0x00,0x00,0x33,0x00,0x00,0x00,0x00,0x662AB8,0x60C8AC,0x60C978,0x60C9AB,0x60C9DE,0x00
27 Nomad,0x07CF,0x0576,0x27,0x29,0x24,0x00,0xAB,0x2D,0x0F,0x04,0x05,0x06,0x03,0x00,0x05,0x07,0x3C,0x14,0x14,0x14,0x14,0x14,0x14,0x03,0x41,0x1E,0x28,0x2D,0x0C,0x0F,0x1E,0x00,0x00,0x03,0x04,0x00,0x00,0x00,0x00,0x00,0x33,0x00,0x00,0x00,0x00,0x662AC4,0x60C8AC,0x60C978,0x60C9AB,0x60C9DE,0x00
28 Nmd Trooper,0x07D0,0x0587,0x28,0x26,0x25,0x00,0xAC,0x2E,0x15,0x07,0x06,0x07,0x06,0x03,0x08,0x08,0x3C,0x18,0x1C,0x1E,0x17,0x17,0x14,0x03,0x3C,0x19,0x1E,0x23,0x0F,0x0A,0x19,0x00,0x00,0x03,0x05,0x00,0x00,0x01,0x00,0x00,0x65,0x00,0x00,0x00,0x00,0x662AD0,0x60C8DF,0x60C978,0x60C9AB,0x60C9DE,0x00
29 Nmd Trooper,0x07D1,0x0587,0x29,0x27,0x26,0x00,0xAC,0x2F,0x15,0x06,0x06,0x07,0x05,0x04,0x06,0x08,0x3C,0x17,0x1C,0x1E,0x16,0x19,0x14,0x03,0x3C,0x19,0x1E,0x23,0x0F,0x0A,0x19,0x00,0x00,0x03,0x05,0x00,0x00,0x01,0x00,0x00,0x65,0x00,0x00,0x00,0x00,0x662AE0,0x60C8DF,0x60C978,0x60C9AB,0x60C9DE,0x00
2A Peg Knight,0x07D2,0x057C,0x2A,0x2B,0x27,0x00,0xAD,0x30,0x0E,0x04,0x05,0x05,0x03,0x02,0x05,0x07,0x3C,0x14,0x14,0x14,0x14,0x14,0x14,0x03,0x41,0x23,0x28,0x28,0x0C,0x19,0x23,0x00,0x00,0x03,0x10,0x00,0x00,0x00,0x33,0x00,0x00,0x00,0x00,0x00,0x00,0x662AF0,0x60C912,0x60CA11,0x60CA44,0x60CA77,0x00
2B Falcoknight,0x07D3,0x0582,0x2B,0x2A,0x28,0x00,0xAE,0x31,0x14,0x06,0x07,0x07,0x05,0x04,0x06,0x08,0x3C,0x17,0x19,0x1C,0x18,0x1C,0x14,0x03,0x3C,0x1E,0x1E,0x1E,0x0C,0x14,0x1E,0x00,0x00,0x03,0x11,0x00,0x00,0x01,0x65,0x00,0x00,0x00,0x00,0x00,0x00,0x662AFC,0x60C912,0x60CA11,0x60CA44,0x60CA77,0x00
2C Wyvern Rider,0x07D4,0x057D,0x2C,0x2E,0x29,0x00,0xAF,0x32,0x14,0x07,0x03,0x05,0x08,0x00,0x0A,0x07,0x3C,0x14,0x14,0x14,0x14,0x14,0x14,0x03,0x50,0x2D,0x23,0x1E,0x19,0x0A,0x19,0x00,0x00,0x03,0x08,0x00,0x00,0x00,0x33,0x00,0x00,0x00,0x00,0x00,0x00,0x662B0C,0x60C912,0x60CA11,0x60CA44,0x60CA77,0x00
2D Wyvern Rider,0x07D5,0x057D,0x2D,0x2F,0x29,0x00,0xAF,0x33,0x13,0x06,0x05,0x05,0x07,0x00,0x09,0x07,0x3C,0x14,0x14,0x14,0x14,0x14,0x14,0x03,0x50,0x2D,0x23,0x1E,0x19,0x0A,0x19,0x00,0x00,0x03,0x08,0x00,0x00,0x00,0x33,0x00,0x00,0x00,0x00,0x00,0x00,0x662B18,0x60C912,0x60CA11,0x60CA44,0x60CA77,0x00
2E Wyvern Lord,0x07D6,0x058A,0x2E,0x2C,0x2A,0x00,0xB0,0x34,0x19,0x09,0x05,0x07,0x0A,0x01,0x0B,0x08,0x3C,0x1A,0x1A,0x17,0x1E,0x16,0x15,0x03,0x4B,0x28,0x1E,0x14,0x14,0x07,0x14,0x00,0x00,0x03,0x09,0x00,0x00,0x01,0x65,0x00,0x00,0x00,0x00,0x00,0x00,0x662B24,0x60C912,0x60CA11,0x60CA44,0x60CA77,0x00
2F Wyvern Lord,0x07D7,0x058A,0x2F,0x2D,0x2A,0x00,0xB0,0x35,0x18,0x08,0x07,0x07,0x09,0x02,0x0A,0x08,0x3C,0x19,0x1A,0x17,0x1D,0x17,0x16,0x03,0x4B,0x28,0x1E,0x14,0x14,0x07,0x14,0x00,0x00,0x03,0x09,0x00,0x00,0x01,0x65,0x00,0x00,0x00,0x00,0x00,0x00,0x662B34,0x60C912,0x60CA11,0x60CA44,0x60CA77,0x00
30 Soldier,0x07D8,0x0590,0x30,0x00,0x2B,0x00,0xB1,0x00,0x14,0x03,0x00,0x01,0x00,0x00,0x06,0x05,0x3C,0x14,0x14,0x14,0x14,0x14,0x14,0x02,0x50,0x32,0x1E,0x14,0x0C,0x0A,0x19,0x00,0x00,0x00,0x00,0x00,0x00,0x00,0x01,0x00,0x00,0x00,0x00,0x00,0x00,0x662B44,0x60C67B,0x60C978,0x60C9AB,0x60C9DE,0x00
31 Brigand,0x07D9,0x0577,0x31,0x33,0x2C,0x00,0xB2,0x11,0x14,0x05,0x01,0x05,0x03,0x00,0x0C,0x05,0x3C,0x14,0x14,0x14,0x14,0x14,0x14,0x03,0x52,0x32,0x1E,0x14,0x0A,0x0A,0x0F,0x00,0x00,0x00,0x00,0x00,0x00,0x00,0x00,0x33,0x00,0x00,0x00,0x00,0x00,0x662B50,0x60C747,0x60C978,0x60C9AB,0x60C9DE,0x0860CAAA
32 Pirate,0x07DA,0x0578,0x32,0x33,0x2D,0x00,0xB3,0x12,0x13,0x04,0x02,0x06,0x03,0x00,0x0A,0x05,0x3C,0x14,0x14,0x14,0x14,0x14,0x14,0x03,0x4B,0x32,0x23,0x19,0x0A,0x0A,0x0F,0x00,0x00,0x00,0x00,0x00,0x00,0x00,0x00,0x33,0x00,0x00,0x00,0x00,0x00,0x662B64,0x60C77A,0x60C978,0x60C9AB,0x60C9DE,0x0860CADD
33 Berserker,0x07DB,0x0584,0x33,0x31,0x2E,0x00,0xB4,0x13,0x18,0x07,0x06,0x07,0x06,0x00,0x0D,0x06,0x3C,0x1E,0x18,0x1C,0x16,0x18,0x14,0x03,0x3A,0x23,0x19,0x0C,0x0A,0x0A,0x0F,0x00,0x00,0x40,0x01,0x00,0x00,0x00,0x00,0x65,0x00,0x00,0x00,0x00,0x00,0x662B78,0x60C714,0x60C978,0x60C9AB,0x60C9DE,0x0860CB10
34 Thief,0x07DC,0x0570,0x34,0x00,0x2F,0x00,0xB5,0x03,0x10,0x03,0x01,0x09,0x02,0x00,0x06,0x06,0x3C,0x14,0x14,0x14,0x14,0x14,0x14,0x02,0x32,0x05,0x2D,0x28,0x05,0x14,0x28,0x00,0x00,0x0C,0x00,0x00,0x00,0x01,0x00,0x00,0x00,0x00,0x00,0x00,0x00,0x662B8C,0x60C7AD,0x60C978,0x60C9AB,0x60C9DE,0x00
35 Thief,0x07DD,0x0570,0x35,0x00,0x30,0x00,0xB5,0x04,0x10,0x01,0x01,0x07,0x01,0x01,0x05,0x06,0x3C,0x14,0x14,0x14,0x14,0x14,0x14,0x02,0x2D,0x05,0x2D,0x28,0x05,0x14,0x28,0x00,0x00,0x0C,0x00,0x00,0x00,0x01,0x00,0x00,0x00,0x00,0x00,0x00,0x00,0x662B98,0x60C7AD,0x60C978,0x60C9AB,0x60C9DE,0x00
36 Bard,0x07DE,0x057A,0x36,0x00,0x31,0x00,0xB2,0x06,0x0E,0x01,0x02,0x07,0x01,0x00,0x06,0x05,0x3C,0x14,0x14,0x14,0x14,0x14,0x14,0x02,0x2D,0x2D,0x1E,0x3C,0x00,0x03,0x46,0x00,0x00,0x20,0x00,0x00,0x00,0x00,0x00,0x00,0x00,0x00,0x00,0x00,0x00,0x662BA4,0x60C67B,0x60C978,0x60C9AB,0x60C9DE,0x00
37 Dancer,0x07DF,0x057B,0x37,0x00,0x32,0x00,0xB2,0x05,0x0E,0x01,0x02,0x07,0x00,0x01,0x04,0x05,0x3C,0x14,0x14,0x14,0x14,0x14,0x14,0x02,0x2D,0x2D,0x1E,0x3C,0x00,0x03,0x46,0x00,0x00,0x10,0x00,0x00,0x00,0x00,0x00,0x00,0x00,0x00,0x00,0x00,0x00,0x662BAC,0x60C67B,0x60C978,0x60C9AB,0x60C9DE,0x00
38 Manakete,0x07E0,0x058C,0x38,0x44,0x33,0x01,0xB6,0x00,0x14,0x00,0x00,0x02,0x01,0x01,0x05,0x05,0x3C,0x14,0x14,0x14,0x14,0x14,0x14,0x03,0x5F,0x28,0x1E,0x14,0x00,0x0A,0x19,0x00,0x00,0x00,0x01,0x04,0x00,0x00,0x00,0x00,0x00,0x00,0x00,0x00,0x00,0x662BB4,0x60C945,0x60C978,0x60C9AB,0x60C9DE,0x00
39 Manakete,0x07E1,0x058C,0x39,0x00,0x34,0x01,0xB6,0x07,0x0C,0x00,0x00,0x02,0x01,0x01,0x01,0x05,0x3C,0x14,0x14,0x14,0x14,0x14,0x14,0x02,0x5F,0x28,0x1E,0x14,0x00,0x0A,0x19,0x00,0x00,0x00,0x00,0x04,0x00,0x00,0x00,0x00,0x00,0x00,0x00,0x00,0x00,0x662BC0,0x60C945,0x60C978,0x60C9AB,0x60C9DE,0x00
3A Fire Dragon,0x07E2,0x00,0x3A,0x00,0x35,0x00,0xB6,0x00,0x28,0x0A,0x05,0x05,0x0C,0x0A,0x19,0x08,0x50,0x1E,0x1C,0x1C,0x1E,0x1C,0x19,0x05,0x5F,0x28,0x1E,0x14,0x00,0x0A,0x19,0x00,0x00,0x00,0x00,0x00,0x00,0x00,0x00,0x00,0x00,0x00,0x00,0x00,0x00,0x662BCC,0x60C945,0x60C978,0x60C9AB,0x60C9DE,0x00
3B Divine Dragon,0x07E3,0x00,0x3B,0x00,0x36,0x00,0xB6,0x00,0x28,0x0A,0x05,0x05,0x0C,0x0A,0x19,0x08,0x50,0x1E,0x1E,0x1E,0x1E,0x1E,0x19,0x02,0x5F,0x2D,0x1E,0x19,0x37,0x0A,0x19,0x00,0x00,0x00,0x00,0x00,0x00,0x00,0x00,0x00,0x00,0x00,0x00,0x00,0x00,0x662BDC,0x60C945,0x60C978,0x60C9AB,0x60C9DE,0x00
3C Demon Drgn,0x07E4,0x058D,0x3C,0x00,0x37,0x01,0xB6,0x00,0x28,0x19,0x14,0x05,0x20,0x15,0x19,0x02,0x50,0x1E,0x1E,0x1E,0x1E,0x1E,0x19,0x05,0x0A,0x00,0x00,0x00,0x00,0x00,0x00,0x00,0x00,0x00,0x00,0x04,0x00,0x00,0x00,0x00,0x00,0x00,0x00,0x00,0x00,0x662BEC,0x60C945,0x60C978,0x60C9AB,0x60C9DE,0x00
3D King,0x07E5,0x058B,0x3D,0x44,0x38,0x01,0xB2,0x37,0x23,0x0E,0x05,0x05,0x0F,0x0A,0x11,0x05,0x50,0x1E,0x1E,0x1E,0x1E,0x1E,0x14,0x05,0x0A,0x00,0x00,0x00,0x00,0x00,0x00,0x00,0x00,0x00,0x01,0x00,0x00,0xC9,0x00,0x00,0x00,0x00,0x00,0x00,0x00,0x662BF8,0x60C6AE,0x60C978,0x60C9AB,0x60C9DE,0x0860CB76
3E Civilian,0x07E6,0x058E,0x3E,0x00,0x39,0x01,0x89,0x00,0x0A,0x00,0x00,0x00,0x00,0x00,0x04,0x05,0x3C,0x14,0x14,0x14,0x14,0x14,0x14,0x01,0x0A,0x00,0x00,0x00,0x00,0x00,0x00,0x00,0x00,0x00,0x00,0x00,0x00,0x00,0x00,0x00,0x00,0x00,0x00,0x00,0x00,0x00,0x60C813,0x60C978,0x60C9AB,0x60C9DE,0x00
3F Civilian,0x07E7,0x058E,0x3F,0x00,0x3A,0x00,0x94,0x00,0x0A,0x00,0x00,0x00,0x00,0x00,0x03,0x05,0x3C,0x14,0x14,0x14,0x14,0x14,0x14,0x01,0x0A,0x00,0x00,0x00,0x00,0x00,0x00,0x00,0x00,0x00,0x00,0x00,0x00,0x00,0x00,0x00,0x00,0x00,0x00,0x00,0x00,0x00,0x60C813,0x60C978,0x60C9AB,0x60C9DE,0x00
40,0x07E8,0x00,0x40,0x00,0x3B,0x01,0x8B,0x00,0x0A,0x00,0x00,0x00,0x00,0x00,0x01,0x05,0x3C,0x14,0x14,0x14,0x14,0x14,0x14,0x01,0x0A,0x00,0x00,0x00,0x00,0x00,0x00,0x00,0x00,0x00,0x00,0x00,0x00,0x00,0x00,0x00,0x00,0x00,0x00,0x00,0x00,0x00,0x60C813,0x60C978,0x60C9AB,0x60C9DE,0x00
41 Child,0x07E9,0x00,0x41,0x00,0x3C,0x01,0x91,0x00,0x0A,0x00,0x00,0x00,0x00,0x00,0x01,0x05,0x3C,0x14,0x14,0x14,0x14,0x14,0x14,0x01,0x0A,0x00,0x00,0x00,0x00,0x00,0x00,0x00,0x00,0x00,0x00,0x00,0x00,0x00,0x00,0x00,0x00,0x00,0x00,0x00,0x00,0x00,0x60C813,0x60C978,0x60C9AB,0x60C9DE,0x00
42 Transporter,0x07EA,0x058F,0x42,0x00,0x3D,0x01,0x54,0x36,0x0F,0x00,0x03,0x03,0x03,0x00,0x19,0x05,0x3C,0x14,0x14,0x14,0x14,0x14,0x19,0x01,0x0A,0x00,0x00,0x00,0x00,0x00,0x00,0x00,0x00,0x03,0x06,0x00,0x00,0x00,0x00,0x00,0x00,0x00,0x00,0x00,0x00,0x00,0x60C813,0x60C978,0x60C9AB,0x60C9DE,0x00
43 Great Lord,0x07EB,0x056A,0x43,0x01,0x3E,0x00,0xB2,0x01,0x16,0x05,0x06,0x06,0x07,0x05,0x08,0x06,0x3C,0x19,0x19,0x19,0x19,0x19,0x19,0x03,0x3C,0x23,0x1E,0x1E,0x23,0x0A,0x0F,0x00,0x00,0x00,0x21,0x01,0x00,0xC9,0x00,0x00,0x00,0x00,0x00,0x00,0x00,0x662C04,0x60C648,0x60C978,0x60C9AB,0x60C9DE,0x00
44,0x00,0x00,0x44,0x00,0x3F,0x00,0x00,0x00,0x00,0x00,0x00,0x00,0x00,0x00,0x00,0x00,0x00,0x00,0x00,0x00,0x00,0x00,0x00,0x03,0x00,0x00,0x00,0x00,0x00,0x00,0x00,0x00,0x00,0x00,0x00,0x00,0x00,0x00,0x00,0x00,0x00,0x00,0x00,0x00,0x00,0x00,0x00,0x60C978,0x60C9AB,0x60C9DE,0x00
45,0x00,0x00,0x45,0x00,0x40,0x00,0x00,0x00,0x00,0x00,0x00,0x00,0x00,0x00,0x00,0x00,0x00,0x00,0x00,0x00,0x00,0x00,0x00,0x00,0x00,0x00,0x00,0x00,0x00,0x00,0x00,0x00,0x00,0x00,0x00,0x00,0x00,0x00,0x00,0x00,0x00,0x00,0x00,0x00,0x00,0x00,0x00,0x60C978,0x60C9AB,0x60C9DE,0x00
46,0x00,0x00,0x46,0x00,0x41,0x00,0x00,0x00,0x00,0x00,0x00,0x00,0x00,0x00,0x00,0x00,0x00,0x00,0x00,0x00,0x00,0x00,0x00,0x00,0x00,0x00,0x00,0x00,0x00,0x00,0x00,0x00,0x00,0x00,0x00,0x00,0x00,0x00,0x00,0x00,0x00,0x00,0x00,0x00,0x00,0x00,0x00,0x60C978,0x60C9AB,0x60C9DE,0x00
47,0x00,0x00,0x47,0x00,0x42,0x00,0x00,0x00,0x00,0x00,0x00,0x00,0x00,0x00,0x00,0x00,0x00,0x00,0x00,0x00,0x00,0x00,0x00,0x00,0x00,0x00,0x00,0x00,0x00,0x00,0x00,0x00,0x00,0x00,0x00,0x00,0x00,0x00,0x00,0x00,0x00,0x00,0x00,0x00,0x00,0x00,0x00,0x60C978,0x60C9AB,0x60C9DE,0x00
48,0x00,0x00,0x48,0x00,0x43,0x00,0x00,0x00,0x00,0x00,0x00,0x00,0x00,0x00,0x00,0x00,0x00,0x00,0x00,0x00,0x00,0x00,0x00,0x00,0x00,0x00,0x00,0x00,0x00,0x00,0x00,0x00,0x00,0x00,0x00,0x00,0x00,0x00,0x00,0x00,0x00,0x00,0x00,0x00,0x00,0x00,0x00,0x60C978,0x60C9AB,0x60C9DE,0x00
49,0x00,0x00,0x49,0x00,0x44,0x00,0x00,0x00,0x00,0x00,0x00,0x00,0x00,0x00,0x00,0x00,0x00,0x00,0x00,0x00,0x00,0x00,0x00,0x00,0x00,0x00,0x00,0x00,0x00,0x00,0x00,0x00,0x00,0x00,0x00,0x00,0x00,0x00,0x00,0x00,0x00,0x00,0x00,0x00,0x00,0x00,0x00,0x60C978,0x60C9AB,0x60C9DE,0x00
4A ,0x00,0x00,0x4A,0x00,0x45,0x00,0x00,0x00,0x00,0x00,0x00,0x00,0x00,0x00,0x00,0x00,0x00,0x00,0x00,0x00,0x00,0x00,0x00,0x00,0x00,0x00,0x00,0x00,0x00,0x00,0x00,0x00,0x00,0x00,0x00,0x00,0x00,0x00,0x00,0x00,0x00,0x00,0x00,0x00,0x00,0x00,0x00,0x60C978,0x60C9AB,0x60C9DE,0x00
4B ,0x00,0x00,0x4B,0x00,0x46,0x00,0x00,0x00,0x00,0x00,0x00,0x00,0x00,0x00,0x00,0x00,0x00,0x00,0x00,0x00,0x00,0x00,0x00,0x00,0x00,0x00,0x00,0x00,0x00,0x00,0x00,0x00,0x00,0x00,0x00,0x00,0x00,0x00,0x00,0x00,0x00,0x00,0x00,0x00,0x00,0x00,0x00,0x60C978,0x60C9AB,0x60C9DE,0x00
Mage,0x07C0,0x0575,76,0x1A,0x15,0x00,0xA3,0x1E,0x10,0x01,0x02,0x03,0x03,0x03,0x06,0x05,0x3C,0x14,0x14,0x14,0x14,0x14,0x14,0x03,0x37,0x37,0x28,0x23,0x05,0x23,0x14,0x00,0x00,0x00,0x00,0x00,0x00,0x00,0x00,0x00,0x00,0x00,0x33,0x00,0x00,0x6629C0,0x60C7E0,0x60C978,0x60C9AB,0x60C9DE,0x00
Mage,0x07C0,0x0575,77,0x1A,0x15,0x00,0xA3,0x1E,0x10,0x01,0x02,0x03,0x03,0x03,0x06,0x05,0x3C,0x14,0x14,0x14,0x14,0x14,0x14,0x03,0x37,0x37,0x28,0x23,0x05,0x23,0x14,0x00,0x00,0x00,0x00,0x00,0x00,0x00,0x00,0x00,0x00,0x00,0x33,0x00,0x00,0x6629C0,0x60C7E0,0x60C978,0x60C9AB,0x60C9DE,0x00
Mage,0x07C0,0x0575,78,0x1A,0x15,0x00,0xA3,0x1E,0x10,0x01,0x02,0x03,0x03,0x03,0x06,0x05,0x3C,0x14,0x14,0x14,0x14,0x14,0x14,0x03,0x37,0x37,0x28,0x23,0x05,0x23,0x14,0x00,0x00,0x00,0x00,0x00,0x00,0x00,0x00,0x00,0x00,0x00,0x33,0x00,0x00,0x6629C0,0x60C7E0,0x60C978,0x60C9AB,0x60C9DE,0x00
Mage,0x07C0,0x0575,79,0x1A,0x15,0x00,0xA3,0x1E,0x10,0x01,0x02,0x03,0x03,0x03,0x06,0x05,0x3C,0x14,0x14,0x14,0x14,0x14,0x14,0x03,0x37,0x37,0x28,0x23,0x05,0x23,0x14,0x00,0x00,0x00,0x00,0x00,0x00,0x00,0x00,0x00,0x00,0x00,0x33,0x00,0x00,0x6629C0,0x60C7E0,0x60C978,0x60C9AB,0x60C9DE,0x00
Mage,0x07C0,0x0575,80,0x1A,0x15,0x00,0xA3,0x1E,0x10,0x01,0x02,0x03,0x03,0x03,0x06,0x05,0x3C,0x14,0x14,0x14,0x14,0x14,0x14,0x03,0x37,0x37,0x28,0x23,0x05,0x23,0x14,0x00,0x00,0x00,0x00,0x00,0x00,0x00,0x00,0x00,0x00,0x00,0x33,0x00,0x00,0x6629C0,0x60C7E0,0x60C978,0x60C9AB,0x60C9DE,0x00
Mage,0x07C0,0x0575,81,0x1A,0x15,0x00,0xA3,0x1E,0x10,0x01,0x02,0x03,0x03,0x03,0x06,0x05,0x3C,0x14,0x14,0x14,0x14,0x14,0x14,0x03,0x37,0x37,0x28,0x23,0x05,0x23,0x14,0x00,0x00,0x00,0x00,0x00,0x00,0x00,0x00,0x00,0x00,0x00,0x33,0x00,0x00,0x6629C0,0x60C7E0,0x60C978,0x60C9AB,0x60C9DE,0x00
Mage,0x07C0,0x0575,82,0x1A,0x15,0x00,0xA3,0x1E,0x10,0x01,0x02,0x03,0x03,0x03,0x06,0x05,0x3C,0x14,0x14,0x14,0x14,0x14,0x14,0x03,0x37,0x37,0x28,0x23,0x05,0x23,0x14,0x00,0x00,0x00,0x00,0x00,0x00,0x00,0x00,0x00,0x00,0x00,0x33,0x00,0x00,0x6629C0,0x60C7E0,0x60C978,0x60C9AB,0x60C9DE,0x00
Mage,0x07C0,0x0575,83,0x1A,0x15,0x00,0xA3,0x1E,0x10,0x01,0x02,0x03,0x03,0x03,0x06,0x05,0x3C,0x14,0x14,0x14,0x14,0x14,0x14,0x03,0x37,0x37,0x28,0x23,0x05,0x23,0x14,0x00,0x00,0x00,0x00,0x00,0x00,0x00,0x00,0x00,0x00,0x00,0x33,0x00,0x00,0x6629C0,0x60C7E0,0x60C978,0x60C9AB,0x60C9DE,0x00
Mage,0x07C0,0x0575,84,0x1A,0x15,0x00,0xA3,0x1E,0x10,0x01,0x02,0x03,0x03,0x03,0x06,0x05,0x3C,0x14,0x14,0x14,0x14,0x14,0x14,0x03,0x37,0x37,0x28,0x23,0x05,0x23,0x14,0x00,0x00,0x00,0x00,0x00,0x00,0x00,0x00,0x00,0x00,0x00,0x33,0x00,0x00,0x6629C0,0x60C7E0,0x60C978,0x60C9AB,0x60C9DE,0x00
Mage,0x07C0,0x0575,85,0x1A,0x15,0x00,0xA3,0x1E,0x10,0x01,0x02,0x03,0x03,0x03,0x06,0x05,0x3C,0x14,0x14,0x14,0x14,0x14,0x14,0x03,0x37,0x37,0x28,0x23,0x05,0x23,0x14,0x00,0x00,0x00,0x00,0x00,0x00,0x00,0x00,0x00,0x00,0x00,0x33,0x00,0x00,0x6629C0,0x60C7E0,0x60C978,0x60C9AB,0x60C9DE,0x00
Mage,0x07C0,0x0575,86,0x1A,0x15,0x00,0xA3,0x1E,0x10,0x01,0x02,0x03,0x03,0x03,0x06,0x05,0x3C,0x14,0x14,0x14,0x14,0x14,0x14,0x03,0x37,0x37,0x28,0x23,0x05,0x23,0x14,0x00,0x00,0x00,0x00,0x00,0x00,0x00,0x00,0x00,0x00,0x00,0x33,0x00,0x00,0x6629C0,0x60C7E0,0x60C978,0x60C9AB,0x60C9DE,0x00
Mage,0x07C0,0x0575,87,0x1A,0x15,0x00,0xA3,0x1E,0x10,0x01,0x02,0x03,0x03,0x03,0x06,0x05,0x3C,0x14,0x14,0x14,0x14,0x14,0x14,0x03,0x37,0x37,0x28,0x23,0x05,0x23,0x14,0x00,0x00,0x00,0x00,0x00,0x00,0x00,0x00,0x00,0x00,0x00,0x33,0x00,0x00,0x6629C0,0x60C7E0,0x60C978,0x60C9AB,0x60C9DE,0x00
Mage,0x07C0,0x0575,88,0x1A,0x15,0x00,0xA3,0x1E,0x10,0x01,0x02,0x03,0x03,0x03,0x06,0x05,0x3C,0x14,0x14,0x14,0x14,0x14,0x14,0x03,0x37,0x37,0x28,0x23,0x05,0x23,0x14,0x00,0x00,0x00,0x00,0x00,0x00,0x00,0x00,0x00,0x00,0x00,0x33,0x00,0x00,0x6629C0,0x60C7E0,0x60C978,0x60C9AB,0x60C9DE,0x00
Mage,0x07C0,0x0575,89,0x1A,0x15,0x00,0xA3,0x1E,0x10,0x01,0x02,0x03,0x03,0x03,0x06,0x05,0x3C,0x14,0x14,0x14,0x14,0x14,0x14,0x03,0x37,0x37,0x28,0x23,0x05,0x23,0x14,0x00,0x00,0x00,0x00,0x00,0x00,0x00,0x00,0x00,0x00,0x00,0x33,0x00,0x00,0x6629C0,0x60C7E0,0x60C978,0x60C9AB,0x60C9DE,0x00
Mage,0x07C0,0x0575,90,0x1A,0x15,0x00,0xA3,0x1E,0x10,0x01,0x02,0x03,0x03,0x03,0x06,0x05,0x3C,0x14,0x14,0x14,0x14,0x14,0x14,0x03,0x37,0x37,0x28,0x23,0x05,0x23,0x14,0x00,0x00,0x00,0x00,0x00,0x00,0x00,0x00,0x00,0x00,0x00,0x33,0x00,0x00,0x6629C0,0x60C7E0,0x60C978,0x60C9AB,0x60C9DE,0x00
Mage,0x07C0,0x0575,91,0x1A,0x15,0x00,0xA3,0x1E,0x10,0x01,0x02,0x03,0x03,0x03,0x06,0x05,0x3C,0x14,0x14,0x14,0x14,0x14,0x14,0x03,0x37,0x37,0x28,0x23,0x05,0x23,0x14,0x00,0x00,0x00,0x00,0x00,0x00,0x00,0x00,0x00,0x00,0x00,0x33,0x00,0x00,0x6629C0,0x60C7E0,0x60C978,0x60C9AB,0x60C9DE,0x00
Mage,0x07C0,0x0575,92,0x1A,0x15,0x00,0xA3,0x1E,0x10,0x01,0x02,0x03,0x03,0x03,0x06,0x05,0x3C,0x14,0x14,0x14,0x14,0x14,0x14,0x03,0x37,0x37,0x28,0x23,0x05,0x23,0x14,0x00,0x00,0x00,0x00,0x00,0x00,0x00,0x00,0x00,0x00,0x00,0x33,0x00,0x00,0x6629C0,0x60C7E0,0x60C978,0x60C9AB,0x60C9DE,0x00
Mage,0x07C0,0x0575,93,0x1A,0x15,0x00,0xA3,0x1E,0x10,0x01,0x02,0x03,0x03,0x03,0x06,0x05,0x3C,0x14,0x14,0x14,0x14,0x14,0x14,0x03,0x37,0x37,0x28,0x23,0x05,0x23,0x14,0x00,0x00,0x00,0x00,0x00,0x00,0x00,0x00,0x00,0x00,0x00,0x33,0x00,0x00,0x6629C0,0x60C7E0,0x60C978,0x60C9AB,0x60C9DE,0x00
Mage,0x07C0,0x0575,94,0x1A,0x15,0x00,0xA3,0x1E,0x10,0x01,0x02,0x03,0x03,0x03,0x06,0x05,0x3C,0x14,0x14,0x14,0x14,0x14,0x14,0x03,0x37,0x37,0x28,0x23,0x05,0x23,0x14,0x00,0x00,0x00,0x00,0x00,0x00,0x00,0x00,0x00,0x00,0x00,0x33,0x00,0x00,0x6629C0,0x60C7E0,0x60C978,0x60C9AB,0x60C9DE,0x00
Mage,0x07C0,0x0575,95,0x1A,0x15,0x00,0xA3,0x1E,0x10,0x01,0x02,0x03,0x03,0x03,0x06,0x05,0x3C,0x14,0x14,0x14,0x14,0x14,0x14,0x03,0x37,0x37,0x28,0x23,0x05,0x23,0x14,0x00,0x00,0x00,0x00,0x00,0x00,0x00,0x00,0x00,0x00,0x00,0x33,0x00,0x00,0x6629C0,0x60C7E0,0x60C978,0x60C9AB,0x60C9DE,0x00
Mage,0x07C0,0x0575,96,0x1A,0x15,0x00,0xA3,0x1E,0x10,0x01,0x02,0x03,0x03,0x03,0x06,0x05,0x3C,0x14,0x14,0x14,0x14,0x14,0x14,0x03,0x37,0x37,0x28,0x23,0x05,0x23,0x14,0x00,0x00,0x00,0x00,0x00,0x00,0x00,0x00,0x00,0x00,0x00,0x33,0x00,0x00,0x6629C0,0x60C7E0,0x60C978,0x60C9AB,0x60C9DE,0x00
Mage,0x07C0,0x0575,97,0x1A,0x15,0x00,0xA3,0x1E,0x10,0x01,0x02,0x03,0x03,0x03,0x06,0x05,0x3C,0x14,0x14,0x14,0x14,0x14,0x14,0x03,0x37,0x37,0x28,0x23,0x05,0x23,0x14,0x00,0x00,0x00,0x00,0x00,0x00,0x00,0x00,0x00,0x00,0x00,0x33,0x00,0x00,0x6629C0,0x60C7E0,0x60C978,0x60C9AB,0x60C9DE,0x00
Mage,0x07C0,0x0575,98,0x1A,0x15,0x00,0xA3,0x1E,0x10,0x01,0x02,0x03,0x03,0x03,0x06,0x05,0x3C,0x14,0x14,0x14,0x14,0x14,0x14,0x03,0x37,0x37,0x28,0x23,0x05,0x23,0x14,0x00,0x00,0x00,0x00,0x00,0x00,0x00,0x00,0x00,0x00,0x00,0x33,0x00,0x00,0x6629C0,0x60C7E0,0x60C978,0x60C9AB,0x60C9DE,0x00
Mage,0x07C0,0x0575,99,0x1A,0x15,0x00,0xA3,0x1E,0x10,0x01,0x02,0x03,0x03,0x03,0x06,0x05,0x3C,0x14,0x14,0x14,0x14,0x14,0x14,0x03,0x37,0x37,0x28,0x23,0x05,0x23,0x14,0x00,0x00,0x00,0x00,0x00,0x00,0x00,0x00,0x00,0x00,0x00,0x33,0x00,0x00,0x6629C0,0x60C7E0,0x60C978,0x60C9AB,0x60C9DE,0x00
Mage,0x07C0,0x0575,100,0x1A,0x15,0x00,0xA3,0x1E,0x10,0x01,0x02,0x03,0x03,0x03,0x06,0x05,0x3C,0x14,0x14,0x14,0x14,0x14,0x14,0x03,0x37,0x37,0x28,0x23,0x05,0x23,0x14,0x00,0x00,0x00,0x00,0x00,0x00,0x00,0x00,0x00,0x00,0x00,0x33,0x00,0x00,0x6629C0,0x60C7E0,0x60C978,0x60C9AB,0x60C9DE,0x00
Mage,0x07C0,0x0575,101,0x1A,0x15,0x00,0xA3,0x1E,0x10,0x01,0x02,0x03,0x03,0x03,0x06,0x05,0x3C,0x14,0x14,0x14,0x14,0x14,0x14,0x03,0x37,0x37,0x28,0x23,0x05,0x23,0x14,0x00,0x00,0x00,0x00,0x00,0x00,0x00,0x00,0x00,0x00,0x00,0x33,0x00,0x00,0x6629C0,0x60C7E0,0x60C978,0x60C9AB,0x60C9DE,0x00
Mage,0x07C0,0x0575,102,0x1A,0x15,0x00,0xA3,0x1E,0x10,0x01,0x02,0x03,0x03,0x03,0x06,0x05,0x3C,0x14,0x14,0x14,0x14,0x14,0x14,0x03,0x37,0x37,0x28,0x23,0x05,0x23,0x14,0x00,0x00,0x00,0x00,0x00,0x00,0x00,0x00,0x00,0x00,0x00,0x33,0x00,0x00,0x6629C0,0x60C7E0,0x60C978,0x60C9AB,0x60C9DE,0x00
Mage,0x07C0,0x0575,103,0x1A,0x15,0x00,0xA3,0x1E,0x10,0x01,0x02,0x03,0x03,0x03,0x06,0x05,0x3C,0x14,0x14,0x14,0x14,0x14,0x14,0x03,0x37,0x37,0x28,0x23,0x05,0x23,0x14,0x00,0x00,0x00,0x00,0x00,0x00,0x00,0x00,0x00,0x00,0x00,0x33,0x00,0x00,0x6629C0,0x60C7E0,0x60C978,0x60C9AB,0x60C9DE,0x00
Mage,0x07C0,0x0575,104,0x1A,0x15,0x00,0xA3,0x1E,0x10,0x01,0x02,0x03,0x03,0x03,0x06,0x05,0x3C,0x14,0x14,0x14,0x14,0x14,0x14,0x03,0x37,0x37,0x28,0x23,0x05,0x23,0x14,0x00,0x00,0x00,0x00,0x00,0x00,0x00,0x00,0x00,0x00,0x00,0x33,0x00,0x00,0x6629C0,0x60C7E0,0x60C978,0x60C9AB,0x60C9DE,0x00
Mage,0x07C0,0x0575,105,0x1A,0x15,0x00,0xA3,0x1E,0x10,0x01,0x02,0x03,0x03,0x03,0x06,0x05,0x3C,0x14,0x14,0x14,0x14,0x14,0x14,0x03,0x37,0x37,0x28,0x23,0x05,0x23,0x14,0x00,0x00,0x00,0x00,0x00,0x00,0x00,0x00,0x00,0x00,0x00,0x33,0x00,0x00,0x6629C0,0x60C7E0,0x60C978,0x60C9AB,0x60C9DE,0x00
Mage,0x07C0,0x0575,106,0x1A,0x15,0x00,0xA3,0x1E,0x10,0x01,0x02,0x03,0x03,0x03,0x06,0x05,0x3C,0x14,0x14,0x14,0x14,0x14,0x14,0x03,0x37,0x37,0x28,0x23,0x05,0x23,0x14,0x00,0x00,0x00,0x00,0x00,0x00,0x00,0x00,0x00,0x00,0x00,0x33,0x00,0x00,0x6629C0,0x60C7E0,0x60C978,0x60C9AB,0x60C9DE,0x00
Mage,0x07C0,0x0575,107,0x1A,0x15,0x00,0xA3,0x1E,0x10,0x01,0x02,0x03,0x03,0x03,0x06,0x05,0x3C,0x14,0x14,0x14,0x14,0x14,0x14,0x03,0x37,0x37,0x28,0x23,0x05,0x23,0x14,0x00,0x00,0x00,0x00,0x00,0x00,0x00,0x00,0x00,0x00,0x00,0x33,0x00,0x00,0x6629C0,0x60C7E0,0x60C978,0x60C9AB,0x60C9DE,0x00
Mage,0x07C0,0x0575,108,0x1A,0x15,0x00,0xA3,0x1E,0x10,0x01,0x02,0x03,0x03,0x03,0x06,0x05,0x3C,0x14,0x14,0x14,0x14,0x14,0x14,0x03,0x37,0x37,0x28,0x23,0x05,0x23,0x14,0x00,0x00,0x00,0x00,0x00,0x00,0x00,0x00,0x00,0x00,0x00,0x33,0x00,0x00,0x6629C0,0x60C7E0,0x60C978,0x60C9AB,0x60C9DE,0x00
Mage,0x07C0,0x0575,109,0x1A,0x15,0x00,0xA3,0x1E,0x10,0x01,0x02,0x03,0x03,0x03,0x06,0x05,0x3C,0x14,0x14,0x14,0x14,0x14,0x14,0x03,0x37,0x37,0x28,0x23,0x05,0x23,0x14,0x00,0x00,0x00,0x00,0x00,0x00,0x00,0x00,0x00,0x00,0x00,0x33,0x00,0x00,0x6629C0,0x60C7E0,0x60C978,0x60C9AB,0x60C9DE,0x00
Mage,0x07C0,0x0575,110,0x1A,0x15,0x00,0xA3,0x1E,0x10,0x01,0x02,0x03,0x03,0x03,0x06,0x05,0x3C,0x14,0x14,0x14,0x14,0x14,0x14,0x03,0x37,0x37,0x28,0x23,0x05,0x23,0x14,0x00,0x00,0x00,0x00,0x00,0x00,0x00,0x00,0x00,0x00,0x00,0x33,0x00,0x00,0x6629C0,0x60C7E0,0x60C978,0x60C9AB,0x60C9DE,0x00
Mage,0x07C0,0x0575,111,0x1A,0x15,0x00,0xA3,0x1E,0x10,0x01,0x02,0x03,0x03,0x03,0x06,0x05,0x3C,0x14,0x14,0x14,0x14,0x14,0x14,0x03,0x37,0x37,0x28,0x23,0x05,0x23,0x14,0x00,0x00,0x00,0x00,0x00,0x00,0x00,0x00,0x00,0x00,0x00,0x33,0x00,0x00,0x6629C0,0x60C7E0,0x60C978,0x60C9AB,0x60C9DE,0x00
Mage,0x07C0,0x0575,112,0x1A,0x15,0x00,0xA3,0x1E,0x10,0x01,0x02,0x03,0x03,0x03,0x06,0x05,0x3C,0x14,0x14,0x14,0x14,0x14,0x14,0x03,0x37,0x37,0x28,0x23,0x05,0x23,0x14,0x00,0x00,0x00,0x00,0x00,0x00,0x00,0x00,0x00,0x00,0x00,0x33,0x00,0x00,0x6629C0,0x60C7E0,0x60C978,0x60C9AB,0x60C9DE,0x00
Mage,0x07C0,0x0575,113,0x1A,0x15,0x00,0xA3,0x1E,0x10,0x01,0x02,0x03,0x03,0x03,0x06,0x05,0x3C,0x14,0x14,0x14,0x14,0x14,0x14,0x03,0x37,0x37,0x28,0x23,0x05,0x23,0x14,0x00,0x00,0x00,0x00,0x00,0x00,0x00,0x00,0x00,0x00,0x00,0x33,0x00,0x00,0x6629C0,0x60C7E0,0x60C978,0x60C9AB,0x60C9DE,0x00
Mage,0x07C0,0x0575,114,0x1A,0x15,0x00,0xA3,0x1E,0x10,0x01,0x02,0x03,0x03,0x03,0x06,0x05,0x3C,0x14,0x14,0x14,0x14,0x14,0x14,0x03,0x37,0x37,0x28,0x23,0x05,0x23,0x14,0x00,0x00,0x00,0x00,0x00,0x00,0x00,0x00,0x00,0x00,0x00,0x33,0x00,0x00,0x6629C0,0x60C7E0,0x60C978,0x60C9AB,0x60C9DE,0x00
Mage,0x07C0,0x0575,115,0x1A,0x15,0x00,0xA3,0x1E,0x10,0x01,0x02,0x03,0x03,0x03,0x06,0x05,0x3C,0x14,0x14,0x14,0x14,0x14,0x14,0x03,0x37,0x37,0x28,0x23,0x05,0x23,0x14,0x00,0x00,0x00,0x00,0x00,0x00,0x00,0x00,0x00,0x00,0x00,0x33,0x00,0x00,0x6629C0,0x60C7E0,0x60C978,0x60C9AB,0x60C9DE,0x00
Mage,0x07C0,0x0575,116,0x1A,0x15,0x00,0xA3,0x1E,0x10,0x01,0x02,0x03,0x03,0x03,0x06,0x05,0x3C,0x14,0x14,0x14,0x14,0x14,0x14,0x03,0x37,0x37,0x28,0x23,0x05,0x23,0x14,0x00,0x00,0x00,0x00,0x00,0x00,0x00,0x00,0x00,0x00,0x00,0x33,0x00,0x00,0x6629C0,0x60C7E0,0x60C978,0x60C9AB,0x60C9DE,0x00
Mage,0x07C0,0x0575,117,0x1A,0x15,0x00,0xA3,0x1E,0x10,0x01,0x02,0x03,0x03,0x03,0x06,0x05,0x3C,0x14,0x14,0x14,0x14,0x14,0x14,0x03,0x37,0x37,0x28,0x23,0x05,0x23,0x14,0x00,0x00,0x00,0x00,0x00,0x00,0x00,0x00,0x00,0x00,0x00,0x33,0x00,0x00,0x6629C0,0x60C7E0,0x60C978,0x60C9AB,0x60C9DE,0x00
Mage,0x07C0,0x0575,118,0x1A,0x15,0x00,0xA3,0x1E,0x10,0x01,0x02,0x03,0x03,0x03,0x06,0x05,0x3C,0x14,0x14,0x14,0x14,0x14,0x14,0x03,0x37,0x37,0x28,0x23,0x05,0x23,0x14,0x00,0x00,0x00,0x00,0x00,0x00,0x00,0x00,0x00,0x00,0x00,0x33,0x00,0x00,0x6629C0,0x60C7E0,0x60C978,0x60C9AB,0x60C9DE,0x00
Mage,0x07C0,0x0575,119,0x1A,0x15,0x00,0xA3,0x1E,0x10,0x01,0x02,0x03,0x03,0x03,0x06,0x05,0x3C,0x14,0x14,0x14,0x14,0x14,0x14,0x03,0x37,0x37,0x28,0x23,0x05,0x23,0x14,0x00,0x00,0x00,0x00,0x00,0x00,0x00,0x00,0x00,0x00,0x00,0x33,0x00,0x00,0x6629C0,0x60C7E0,0x60C978,0x60C9AB,0x60C9DE,0x00
Mage,0x07C0,0x0575,120,0x1A,0x15,0x00,0xA3,0x1E,0x10,0x01,0x02,0x03,0x03,0x03,0x06,0x05,0x3C,0x14,0x14,0x14,0x14,0x14,0x14,0x03,0x37,0x37,0x28,0x23,0x05,0x23,0x14,0x00,0x00,0x00,0x00,0x00,0x00,0x00,0x00,0x00,0x00,0x00,0x33,0x00,0x00,0x6629C0,0x60C7E0,0x60C978,0x60C9AB,0x60C9DE,0x00
Mage,0x07C0,0x0575,121,0x1A,0x15,0x00,0xA3,0x1E,0x10,0x01,0x02,0x03,0x03,0x03,0x06,0x05,0x3C,0x14,0x14,0x14,0x14,0x14,0x14,0x03,0x37,0x37,0x28,0x23,0x05,0x23,0x14,0x00,0x00,0x00,0x00,0x00,0x00,0x00,0x00,0x00,0x00,0x00,0x33,0x00,0x00,0x6629C0,0x60C7E0,0x60C978,0x60C9AB,0x60C9DE,0x00
Mage,0x07C0,0x0575,122,0x1A,0x15,0x00,0xA3,0x1E,0x10,0x01,0x02,0x03,0x03,0x03,0x06,0x05,0x3C,0x14,0x14,0x14,0x14,0x14,0x14,0x03,0x37,0x37,0x28,0x23,0x05,0x23,0x14,0x00,0x00,0x00,0x00,0x00,0x00,0x00,0x00,0x00,0x00,0x00,0x33,0x00,0x00,0x6629C0,0x60C7E0,0x60C978,0x60C9AB,0x60C9DE,0x00
Mage,0x07C0,0x0575,123,0x1A,0x15,0x00,0xA3,0x1E,0x10,0x01,0x02,0x03,0x03,0x03,0x06,0x05,0x3C,0x14,0x14,0x14,0x14,0x14,0x14,0x03,0x37,0x37,0x28,0x23,0x05,0x23,0x14,0x00,0x00,0x00,0x00,0x00,0x00,0x00,0x00,0x00,0x00,0x00,0x33,0x00,0x00,0x6629C0,0x60C7E0,0x60C978,0x60C9AB,0x60C9DE,0x00
Mage,0x07C0,0x0575,124,0x1A,0x15,0x00,0xA3,0x1E,0x10,0x01,0x02,0x03,0x03,0x03,0x06,0x05,0x3C,0x14,0x14,0x14,0x14,0x14,0x14,0x03,0x37,0x37,0x28,0x23,0x05,0x23,0x14,0x00,0x00,0x00,0x00,0x00,0x00,0x00,0x00,0x00,0x00,0x00,0x33,0x00,0x00,0x6629C0,0x60C7E0,0x60C978,0x60C9AB,0x60C9DE,0x00
Mage,0x07C0,0x0575,125,0x1A,0x15,0x00,0xA3,0x1E,0x10,0x01,0x02,0x03,0x03,0x03,0x06,0x05,0x3C,0x14,0x14,0x14,0x14,0x14,0x14,0x03,0x37,0x37,0x28,0x23,0x05,0x23,0x14,0x00,0x00,0x00,0x00,0x00,0x00,0x00,0x00,0x00,0x00,0x00,0x33,0x00,0x00,0x6629C0,0x60C7E0,0x60C978,0x60C9AB,0x60C9DE,0x00
Mage,0x07C0,0x0575,126,0x1A,0x15,0x00,0xA3,0x1E,0x10,0x01,0x02,0x03,0x03,0x03,0x06,0x05,0x3C,0x14,0x14,0x14,0x14,0x14,0x14,0x03,0x37,0x37,0x28,0x23,0x05,0x23,0x14,0x00,0x00,0x00,0x00,0x00,0x00,0x00,0x00,0x00,0x00,0x00,0x33,0x00,0x00,0x6629C0,0x60C7E0,0x60C978,0x60C9AB,0x60C9DE,0x00
Mage,0x07C0,0x0575,127,0x1A,0x15,0x00,0xA3,0x1E,0x10,0x01,0x02,0x03,0x03,0x03,0x06,0x05,0x3C,0x14,0x14,0x14,0x14,0x14,0x14,0x03,0x37,0x37,0x28,0x23,0x05,0x23,0x14,0x00,0x00,0x00,0x00,0x00,0x00,0x00,0x00,0x00,0x00,0x00,0x33,0x00,0x00,0x6629C0,0x60C7E0,0x60C978,0x60C9AB,0x60C9DE,0x00
Mage,0x07C0,0x0575,128,0x1A,0x15,0x00,0xA3,0x1E,0x10,0x01,0x02,0x03,0x03,0x03,0x06,0x05,0x3C,0x14,0x14,0x14,0x14,0x14,0x14,0x03,0x37,0x37,0x28,0x23,0x05,0x23,0x14,0x00,0x00,0x00,0x00,0x00,0x00,0x00,0x00,0x00,0x00,0x00,0x33,0x00,0x00,0x6629C0,0x60C7E0,0x60C978,0x60C9AB,0x60C9DE,0x00
Mage,0x07C0,0x0575,129,0x1A,0x15,0x00,0xA3,0x1E,0x10,0x01,0x02,0x03,0x03,0x03,0x06,0x05,0x3C,0x14,0x14,0x14,0x14,0x14,0x14,0x03,0x37,0x37,0x28,0x23,0x05,0x23,0x14,0x00,0x00,0x00,0x00,0x00,0x00,0x00,0x00,0x00,0x00,0x00,0x33,0x00,0x00,0x6629C0,0x60C7E0,0x60C978,0x60C9AB,0x60C9DE,0x00
Mage,0x07C0,0x0575,130,0x1A,0x15,0x00,0xA3,0x1E,0x10,0x01,0x02,0x03,0x03,0x03,0x06,0x05,0x3C,0x14,0x14,0x14,0x14,0x14,0x14,0x03,0x37,0x37,0x28,0x23,0x05,0x23,0x14,0x00,0x00,0x00,0x00,0x00,0x00,0x00,0x00,0x00,0x00,0x00,0x33,0x00,0x00,0x6629C0,0x60C7E0,0x60C978,0x60C9AB,0x60C9DE,0x00
Mage,0x07C0,0x0575,131,0x1A,0x15,0x00,0xA3,0x1E,0x10,0x01,0x02,0x03,0x03,0x03,0x06,0x05,0x3C,0x14,0x14,0x14,0x14,0x14,0x14,0x03,0x37,0x37,0x28,0x23,0x05,0x23,0x14,0x00,0x00,0x00,0x00,0x00,0x00,0x00,0x00,0x00,0x00,0x00,0x33,0x00,0x00,0x6629C0,0x60C7E0,0x60C978,0x60C9AB,0x60C9DE,0x00
Mage,0x07C0,0x0575,132,0x1A,0x15,0x00,0xA3,0x1E,0x10,0x01,0x02,0x03,0x03,0x03,0x06,0x05,0x3C,0x14,0x14,0x14,0x14,0x14,0x14,0x03,0x37,0x37,0x28,0x23,0x05,0x23,0x14,0x00,0x00,0x00,0x00,0x00,0x00,0x00,0x00,0x00,0x00,0x00,0x33,0x00,0x00,0x6629C0,0x60C7E0,0x60C978,0x60C9AB,0x60C9DE,0x00
Mage,0x07C0,0x0575,133,0x1A,0x15,0x00,0xA3,0x1E,0x10,0x01,0x02,0x03,0x03,0x03,0x06,0x05,0x3C,0x14,0x14,0x14,0x14,0x14,0x14,0x03,0x37,0x37,0x28,0x23,0x05,0x23,0x14,0x00,0x00,0x00,0x00,0x00,0x00,0x00,0x00,0x00,0x00,0x00,0x33,0x00,0x00,0x6629C0,0x60C7E0,0x60C978,0x60C9AB,0x60C9DE,0x00
Mage,0x07C0,0x0575,134,0x1A,0x15,0x00,0xA3,0x1E,0x10,0x01,0x02,0x03,0x03,0x03,0x06,0x05,0x3C,0x14,0x14,0x14,0x14,0x14,0x14,0x03,0x37,0x37,0x28,0x23,0x05,0x23,0x14,0x00,0x00,0x00,0x00,0x00,0x00,0x00,0x00,0x00,0x00,0x00,0x33,0x00,0x00,0x6629C0,0x60C7E0,0x60C978,0x60C9AB,0x60C9DE,0x00
Mage,0x07C0,0x0575,135,0x1A,0x15,0x00,0xA3,0x1E,0x10,0x01,0x02,0x03,0x03,0x03,0x06,0x05,0x3C,0x14,0x14,0x14,0x14,0x14,0x14,0x03,0x37,0x37,0x28,0x23,0x05,0x23,0x14,0x00,0x00,0x00,0x00,0x00,0x00,0x00,0x00,0x00,0x00,0x00,0x33,0x00,0x00,0x6629C0,0x60C7E0,0x60C978,0x60C9AB,0x60C9DE,0x00
Mage,0x07C0,0x0575,136,0x1A,0x15,0x00,0xA3,0x1E,0x10,0x01,0x02,0x03,0x03,0x03,0x06,0x05,0x3C,0x14,0x14,0x14,0x14,0x14,0x14,0x03,0x37,0x37,0x28,0x23,0x05,0x23,0x14,0x00,0x00,0x00,0x00,0x00,0x00,0x00,0x00,0x00,0x00,0x00,0x33,0x00,0x00,0x6629C0,0x60C7E0,0x60C978,0x60C9AB,0x60C9DE,0x00
Mage,0x07C0,0x0575,137,0x1A,0x15,0x00,0xA3,0x1E,0x10,0x01,0x02,0x03,0x03,0x03,0x06,0x05,0x3C,0x14,0x14,0x14,0x14,0x14,0x14,0x03,0x37,0x37,0x28,0x23,0x05,0x23,0x14,0x00,0x00,0x00,0x00,0x00,0x00,0x00,0x00,0x00,0x00,0x00,0x33,0x00,0x00,0x6629C0,0x60C7E0,0x60C978,0x60C9AB,0x60C9DE,0x00
Mage,0x07C0,0x0575,138,0x1A,0x15,0x00,0xA3,0x1E,0x10,0x01,0x02,0x03,0x03,0x03,0x06,0x05,0x3C,0x14,0x14,0x14,0x14,0x14,0x14,0x03,0x37,0x37,0x28,0x23,0x05,0x23,0x14,0x00,0x00,0x00,0x00,0x00,0x00,0x00,0x00,0x00,0x00,0x00,0x33,0x00,0x00,0x6629C0,0x60C7E0,0x60C978,0x60C9AB,0x60C9DE,0x00
Mage,0x07C0,0x0575,139,0x1A,0x15,0x00,0xA3,0x1E,0x10,0x01,0x02,0x03,0x03,0x03,0x06,0x05,0x3C,0x14,0x14,0x14,0x14,0x14,0x14,0x03,0x37,0x37,0x28,0x23,0x05,0x23,0x14,0x00,0x00,0x00,0x00,0x00,0x00,0x00,0x00,0x00,0x00,0x00,0x33,0x00,0x00,0x6629C0,0x60C7E0,0x60C978,0x60C9AB,0x60C9DE,0x00
Mage,0x07C0,0x0575,140,0x1A,0x15,0x00,0xA3,0x1E,0x10,0x01,0x02,0x03,0x03,0x03,0x06,0x05,0x3C,0x14,0x14,0x14,0x14,0x14,0x14,0x03,0x37,0x37,0x28,0x23,0x05,0x23,0x14,0x00,0x00,0x00,0x00,0x00,0x00,0x00,0x00,0x00,0x00,0x00,0x33,0x00,0x00,0x6629C0,0x60C7E0,0x60C978,0x60C9AB,0x60C9DE,0x00
Mage,0x07C0,0x0575,141,0x1A,0x15,0x00,0xA3,0x1E,0x10,0x01,0x02,0x03,0x03,0x03,0x06,0x05,0x3C,0x14,0x14,0x14,0x14,0x14,0x14,0x03,0x37,0x37,0x28,0x23,0x05,0x23,0x14,0x00,0x00,0x00,0x00,0x00,0x00,0x00,0x00,0x00,0x00,0x00,0x33,0x00,0x00,0x6629C0,0x60C7E0,0x60C978,0x60C9AB,0x60C9DE,0x00
Mage,0x07C0,0x0575,142,0x1A,0x15,0x00,0xA3,0x1E,0x10,0x01,0x02,0x03,0x03,0x03,0x06,0x05,0x3C,0x14,0x14,0x14,0x14,0x14,0x14,0x03,0x37,0x37,0x28,0x23,0x05,0x23,0x14,0x00,0x00,0x00,0x00,0x00,0x00,0x00,0x00,0x00,0x00,0x00,0x33,0x00,0x00,0x6629C0,0x60C7E0,0x60C978,0x60C9AB,0x60C9DE,0x00
Mage,0x07C0,0x0575,143,0x1A,0x15,0x00,0xA3,0x1E,0x10,0x01,0x02,0x03,0x03,0x03,0x06,0x05,0x3C,0x14,0x14,0x14,0x14,0x14,0x14,0x03,0x37,0x37,0x28,0x23,0x05,0x23,0x14,0x00,0x00,0x00,0x00,0x00,0x00,0x00,0x00,0x00,0x00,0x00,0x33,0x00,0x00,0x6629C0,0x60C7E0,0x60C978,0x60C9AB,0x60C9DE,0x00
Mage,0x07C0,0x0575,144,0x1A,0x15,0x00,0xA3,0x1E,0x10,0x01,0x02,0x03,0x03,0x03,0x06,0x05,0x3C,0x14,0x14,0x14,0x14,0x14,0x14,0x03,0x37,0x37,0x28,0x23,0x05,0x23,0x14,0x00,0x00,0x00,0x00,0x00,0x00,0x00,0x00,0x00,0x00,0x00,0x33,0x00,0x00,0x6629C0,0x60C7E0,0x60C978,0x60C9AB,0x60C9DE,0x00
Mage,0x07C0,0x0575,145,0x1A,0x15,0x00,0xA3,0x1E,0x10,0x01,0x02,0x03,0x03,0x03,0x06,0x05,0x3C,0x14,0x14,0x14,0x14,0x14,0x14,0x03,0x37,0x37,0x28,0x23,0x05,0x23,0x14,0x00,0x00,0x00,0x00,0x00,0x00,0x00,0x00,0x00,0x00,0x00,0x33,0x00,0x00,0x6629C0,0x60C7E0,0x60C978,0x60C9AB,0x60C9DE,0x00
Mage,0x07C0,0x0575,146,0x1A,0x15,0x00,0xA3,0x1E,0x10,0x01,0x02,0x03,0x03,0x03,0x06,0x05,0x3C,0x14,0x14,0x14,0x14,0x14,0x14,0x03,0x37,0x37,0x28,0x23,0x05,0x23,0x14,0x00,0x00,0x00,0x00,0x00,0x00,0x00,0x00,0x00,0x00,0x00,0x33,0x00,0x00,0x6629C0,0x60C7E0,0x60C978,0x60C9AB,0x60C9DE,0x00
Mage,0x07C0,0x0575,147,0x1A,0x15,0x00,0xA3,0x1E,0x10,0x01,0x02,0x03,0x03,0x03,0x06,0x05,0x3C,0x14,0x14,0x14,0x14,0x14,0x14,0x03,0x37,0x37,0x28,0x23,0x05,0x23,0x14,0x00,0x00,0x00,0x00,0x00,0x00,0x00,0x00,0x00,0x00,0x00,0x33,0x00,0x00,0x6629C0,0x60C7E0,0x60C978,0x60C9AB,0x60C9DE,0x00
Mage,0x07C0,0x0575,148,0x1A,0x15,0x00,0xA3,0x1E,0x10,0x01,0x02,0x03,0x03,0x03,0x06,0x05,0x3C,0x14,0x14,0x14,0x14,0x14,0x14,0x03,0x37,0x37,0x28,0x23,0x05,0x23,0x14,0x00,0x00,0x00,0x00,0x00,0x00,0x00,0x00,0x00,0x00,0x00,0x33,0x00,0x00,0x6629C0,0x60C7E0,0x60C978,0x60C9AB,0x60C9DE,0x00
Mage,0x07C0,0x0575,149,0x1A,0x15,0x00,0xA3,0x1E,0x10,0x01,0x02,0x03,0x03,0x03,0x06,0x05,0x3C,0x14,0x14,0x14,0x14,0x14,0x14,0x03,0x37,0x37,0x28,0x23,0x05,0x23,0x14,0x00,0x00,0x00,0x00,0x00,0x00,0x00,0x00,0x00,0x00,0x00,0x33,0x00,0x00,0x6629C0,0x60C7E0,0x60C978,0x60C9AB,0x60C9DE,0x00
Mage,0x07C0,0x0575,150,0x1A,0x15,0x00,0xA3,0x1E,0x10,0x01,0x02,0x03,0x03,0x03,0x06,0x05,0x3C,0x14,0x14,0x14,0x14,0x14,0x14,0x03,0x37,0x37,0x28,0x23,0x05,0x23,0x14,0x00,0x00,0x00,0x00,0x00,0x00,0x00,0x00,0x00,0x00,0x00,0x33,0x00,0x00,0x6629C0,0x60C7E0,0x60C978,0x60C9AB,0x60C9DE,0x00
Mage,0x07C0,0x0575,151,0x1A,0x15,0x00,0xA3,0x1E,0x10,0x01,0x02,0x03,0x03,0x03,0x06,0x05,0x3C,0x14,0x14,0x14,0x14,0x14,0x14,0x03,0x37,0x37,0x28,0x23,0x05,0x23,0x14,0x00,0x00,0x00,0x00,0x00,0x00,0x00,0x00,0x00,0x00,0x00,0x33,0x00,0x00,0x6629C0,0x60C7E0,0x60C978,0x60C9AB,0x60C9DE,0x00
Mage,0x07C0,0x0575,152,0x1A,0x15,0x00,0xA3,0x1E,0x10,0x01,0x02,0x03,0x03,0x03,0x06,0x05,0x3C,0x14,0x14,0x14,0x14,0x14,0x14,0x03,0x37,0x37,0x28,0x23,0x05,0x23,0x14,0x00,0x00,0x00,0x00,0x00,0x00,0x00,0x00,0x00,0x00,0x00,0x33,0x00,0x00,0x6629C0,0x60C7E0,0x60C978,0x60C9AB,0x60C9DE,0x00
Mage,0x07C0,0x0575,153,0x1A,0x15,0x00,0xA3,0x1E,0x10,0x01,0x02,0x03,0x03,0x03,0x06,0x05,0x3C,0x14,0x14,0x14,0x14,0x14,0x14,0x03,0x37,0x37,0x28,0x23,0x05,0x23,0x14,0x00,0x00,0x00,0x00,0x00,0x00,0x00,0x00,0x00,0x00,0x00,0x33,0x00,0x00,0x6629C0,0x60C7E0,0x60C978,0x60C9AB,0x60C9DE,0x00
Mage,0x07C0,0x0575,154,0x1A,0x15,0x00,0xA3,0x1E,0x10,0x01,0x02,0x03,0x03,0x03,0x06,0x05,0x3C,0x14,0x14,0x14,0x14,0x14,0x14,0x03,0x37,0x37,0x28,0x23,0x05,0x23,0x14,0x00,0x00,0x00,0x00,0x00,0x00,0x00,0x00,0x00,0x00,0x00,0x33,0x00,0x00,0x6629C0,0x60C7E0,0x60C978,0x60C9AB,0x60C9DE,0x00
Mage,0x07C0,0x0575,155,0x1A,0x15,0x00,0xA3,0x1E,0x10,0x01,0x02,0x03,0x03,0x03,0x06,0x05,0x3C,0x14,0x14,0x14,0x14,0x14,0x14,0x03,0x37,0x37,0x28,0x23,0x05,0x23,0x14,0x00,0x00,0x00,0x00,0x00,0x00,0x00,0x00,0x00,0x00,0x00,0x33,0x00,0x00,0x6629C0,0x60C7E0,0x60C978,0x60C9AB,0x60C9DE,0x00
Mage,0x07C0,0x0575,156,0x1A,0x15,0x00,0xA3,0x1E,0x10,0x01,0x02,0x03,0x03,0x03,0x06,0x05,0x3C,0x14,0x14,0x14,0x14,0x14,0x14,0x03,0x37,0x37,0x28,0x23,0x05,0x23,0x14,0x00,0x00,0x00,0x00,0x00,0x00,0x00,0x00,0x00,0x00,0x00,0x33,0x00,0x00,0x6629C0,0x60C7E0,0x60C978,0x60C9AB,0x60C9DE,0x00
Mage,0x07C0,0x0575,157,0x1A,0x15,0x00,0xA3,0x1E,0x10,0x01,0x02,0x03,0x03,0x03,0x06,0x05,0x3C,0x14,0x14,0x14,0x14,0x14,0x14,0x03,0x37,0x37,0x28,0x23,0x05,0x23,0x14,0x00,0x00,0x00,0x00,0x00,0x00,0x00,0x00,0x00,0x00,0x00,0x33,0x00,0x00,0x6629C0,0x60C7E0,0x60C978,0x60C9AB,0x60C9DE,0x00
Mage,0x07C0,0x0575,158,0x1A,0x15,0x00,0xA3,0x1E,0x10,0x01,0x02,0x03,0x03,0x03,0x06,0x05,0x3C,0x14,0x14,0x14,0x14,0x14,0x14,0x03,0x37,0x37,0x28,0x23,0x05,0x23,0x14,0x00,0x00,0x00,0x00,0x00,0x00,0x00,0x00,0x00,0x00,0x00,0x33,0x00,0x00,0x6629C0,0x60C7E0,0x60C978,0x60C9AB,0x60C9DE,0x00
Mage,0x07C0,0x0575,159,0x1A,0x15,0x00,0xA3,0x1E,0x10,0x01,0x02,0x03,0x03,0x03,0x06,0x05,0x3C,0x14,0x14,0x14,0x14,0x14,0x14,0x03,0x37,0x37,0x28,0x23,0x05,0x23,0x14,0x00,0x00,0x00,0x00,0x00,0x00,0x00,0x00,0x00,0x00,0x00,0x33,0x00,0x00,0x6629C0,0x60C7E0,0x60C978,0x60C9AB,0x60C9DE,0x00
Mage,0x07C0,0x0575,160,0x1A,0x15,0x00,0xA3,0x1E,0x10,0x01,0x02,0x03,0x03,0x03,0x06,0x05,0x3C,0x14,0x14,0x14,0x14,0x14,0x14,0x03,0x37,0x37,0x28,0x23,0x05,0x23,0x14,0x00,0x00,0x00,0x00,0x00,0x00,0x00,0x00,0x00,0x00,0x00,0x33,0x00,0x00,0x6629C0,0x60C7E0,0x60C978,0x60C9AB,0x60C9DE,0x00
Mage,0x07C0,0x0575,161,0x1A,0x15,0x00,0xA3,0x1E,0x10,0x01,0x02,0x03,0x03,0x03,0x06,0x05,0x3C,0x14,0x14,0x14,0x14,0x14,0x14,0x03,0x37,0x37,0x28,0x23,0x05,0x23,0x14,0x00,0x00,0x00,0x00,0x00,0x00,0x00,0x00,0x00,0x00,0x00,0x33,0x00,0x00,0x6629C0,0x60C7E0,0x60C978,0x60C9AB,0x60C9DE,0x00
Mage,0x07C0,0x0575,162,0x1A,0x15,0x00,0xA3,0x1E,0x10,0x01,0x02,0x03,0x03,0x03,0x06,0x05,0x3C,0x14,0x14,0x14,0x14,0x14,0x14,0x03,0x37,0x37,0x28,0x23,0x05,0x23,0x14,0x00,0x00,0x00,0x00,0x00,0x00,0x00,0x00,0x00,0x00,0x00,0x33,0x00,0x00,0x6629C0,0x60C7E0,0x60C978,0x60C9AB,0x60C9DE,0x00
Mage,0x07C0,0x0575,163,0x1A,0x15,0x00,0xA3,0x1E,0x10,0x01,0x02,0x03,0x03,0x03,0x06,0x05,0x3C,0x14,0x14,0x14,0x14,0x14,0x14,0x03,0x37,0x37,0x28,0x23,0x05,0x23,0x14,0x00,0x00,0x00,0x00,0x00,0x00,0x00,0x00,0x00,0x00,0x00,0x33,0x00,0x00,0x6629C0,0x60C7E0,0x60C978,0x60C9AB,0x60C9DE,0x00
Mage,0x07C0,0x0575,164,0x1A,0x15,0x00,0xA3,0x1E,0x10,0x01,0x02,0x03,0x03,0x03,0x06,0x05,0x3C,0x14,0x14,0x14,0x14,0x14,0x14,0x03,0x37,0x37,0x28,0x23,0x05,0x23,0x14,0x00,0x00,0x00,0x00,0x00,0x00,0x00,0x00,0x00,0x00,0x00,0x33,0x00,0x00,0x6629C0,0x60C7E0,0x60C978,0x60C9AB,0x60C9DE,0x00
Mage,0x07C0,0x0575,165,0x1A,0x15,0x00,0xA3,0x1E,0x10,0x01,0x02,0x03,0x03,0x03,0x06,0x05,0x3C,0x14,0x14,0x14,0x14,0x14,0x14,0x03,0x37,0x37,0x28,0x23,0x05,0x23,0x14,0x00,0x00,0x00,0x00,0x00,0x00,0x00,0x00,0x00,0x00,0x00,0x33,0x00,0x00,0x6629C0,0x60C7E0,0x60C978,0x60C9AB,0x60C9DE,0x00
Mage,0x07C0,0x0575,166,0x1A,0x15,0x00,0xA3,0x1E,0x10,0x01,0x02,0x03,0x03,0x03,0x06,0x05,0x3C,0x14,0x14,0x14,0x14,0x14,0x14,0x03,0x37,0x37,0x28,0x23,0x05,0x23,0x14,0x00,0x00,0x00,0x00,0x00,0x00,0x00,0x00,0x00,0x00,0x00,0x33,0x00,0x00,0x6629C0,0x60C7E0,0x60C978,0x60C9AB,0x60C9DE,0x00
Mage,0x07C0,0x0575,167,0x1A,0x15,0x00,0xA3,0x1E,0x10,0x01,0x02,0x03,0x03,0x03,0x06,0x05,0x3C,0x14,0x14,0x14,0x14,0x14,0x14,0x03,0x37,0x37,0x28,0x23,0x05,0x23,0x14,0x00,0x00,0x00,0x00,0x00,0x00,0x00,0x00,0x00,0x00,0x00,0x33,0x00,0x00,0x6629C0,0x60C7E0,0x60C978,0x60C9AB,0x60C9DE,0x00
Mage,0x07C0,0x0575,168,0x1A,0x15,0x00,0xA3,0x1E,0x10,0x01,0x02,0x03,0x03,0x03,0x06,0x05,0x3C,0x14,0x14,0x14,0x14,0x14,0x14,0x03,0x37,0x37,0x28,0x23,0x05,0x23,0x14,0x00,0x00,0x00,0x00,0x00,0x00,0x00,0x00,0x00,0x00,0x00,0x33,0x00,0x00,0x6629C0,0x60C7E0,0x60C978,0x60C9AB,0x60C9DE,0x00
Mage,0x07C0,0x0575,169,0x1A,0x15,0x00,0xA3,0x1E,0x10,0x01,0x02,0x03,0x03,0x03,0x06,0x05,0x3C,0x14,0x14,0x14,0x14,0x14,0x14,0x03,0x37,0x37,0x28,0x23,0x05,0x23,0x14,0x00,0x00,0x00,0x00,0x00,0x00,0x00,0x00,0x00,0x00,0x00,0x33,0x00,0x00,0x6629C0,0x60C7E0,0x60C978,0x60C9AB,0x60C9DE,0x00
Mage,0x07C0,0x0575,170,0x1A,0x15,0x00,0xA3,0x1E,0x10,0x01,0x02,0x03,0x03,0x03,0x06,0x05,0x3C,0x14,0x14,0x14,0x14,0x14,0x14,0x03,0x37,0x37,0x28,0x23,0x05,0x23,0x14,0x00,0x00,0x00,0x00,0x00,0x00,0x00,0x00,0x00,0x00,0x00,0x33,0x00,0x00,0x6629C0,0x60C7E0,0x60C978,0x60C9AB,0x60C9DE,0x00
Mage,0x07C0,0x0575,171,0x1A,0x15,0x00,0xA3,0x1E,0x10,0x01,0x02,0x03,0x03,0x03,0x06,0x05,0x3C,0x14,0x14,0x14,0x14,0x14,0x14,0x03,0x37,0x37,0x28,0x23,0x05,0x23,0x14,0x00,0x00,0x00,0x00,0x00,0x00,0x00,0x00,0x00,0x00,0x00,0x33,0x00,0x00,0x6629C0,0x60C7E0,0x60C978,0x60C9AB,0x60C9DE,0x00
Mage,0x07C0,0x0575,172,0x1A,0x15,0x00,0xA3,0x1E,0x10,0x01,0x02,0x03,0x03,0x03,0x06,0x05,0x3C,0x14,0x14,0x14,0x14,0x14,0x14,0x03,0x37,0x37,0x28,0x23,0x05,0x23,0x14,0x00,0x00,0x00,0x00,0x00,0x00,0x00,0x00,0x00,0x00,0x00,0x33,0x00,0x00,0x6629C0,0x60C7E0,0x60C978,0x60C9AB,0x60C9DE,0x00
Mage,0x07C0,0x0575,173,0x1A,0x15,0x00,0xA3,0x1E,0x10,0x01,0x02,0x03,0x03,0x03,0x06,0x05,0x3C,0x14,0x14,0x14,0x14,0x14,0x14,0x03,0x37,0x37,0x28,0x23,0x05,0x23,0x14,0x00,0x00,0x00,0x00,0x00,0x00,0x00,0x00,0x00,0x00,0x00,0x33,0x00,0x00,0x6629C0,0x60C7E0,0x60C978,0x60C9AB,0x60C9DE,0x00
Mage,0x07C0,0x0575,174,0x1A,0x15,0x00,0xA3,0x1E,0x10,0x01,0x02,0x03,0x03,0x03,0x06,0x05,0x3C,0x14,0x14,0x14,0x14,0x14,0x14,0x03,0x37,0x37,0x28,0x23,0x05,0x23,0x14,0x00,0x00,0x00,0x00,0x00,0x00,0x00,0x00,0x00,0x00,0x00,0x33,0x00,0x00,0x6629C0,0x60C7E0,0x60C978,0x60C9AB,0x60C9DE,0x00
Mage,0x07C0,0x0575,175,0x1A,0x15,0x00,0xA3,0x1E,0x10,0x01,0x02,0x03,0x03,0x03,0x06,0x05,0x3C,0x14,0x14,0x14,0x14,0x14,0x14,0x03,0x37,0x37,0x28,0x23,0x05,0x23,0x14,0x00,0x00,0x00,0x00,0x00,0x00,0x00,0x00,0x00,0x00,0x00,0x33,0x00,0x00,0x6629C0,0x60C7E0,0x60C978,0x60C9AB,0x60C9DE,0x00
Mage,0x07C0,0x0575,176,0x1A,0x15,0x00,0xA3,0x1E,0x10,0x01,0x02,0x03,0x03,0x03,0x06,0x05,0x3C,0x14,0x14,0x14,0x14,0x14,0x14,0x03,0x37,0x37,0x28,0x23,0x05,0x23,0x14,0x00,0x00,0x00,0x00,0x00,0x00,0x00,0x00,0x00,0x00,0x00,0x33,0x00,0x00,0x6629C0,0x60C7E0,0x60C978,0x60C9AB,0x60C9DE,0x00
Mage,0x07C0,0x0575,177,0x1A,0x15,0x00,0xA3,0x1E,0x10,0x01,0x02,0x03,0x03,0x03,0x06,0x05,0x3C,0x14,0x14,0x14,0x14,0x14,0x14,0x03,0x37,0x37,0x28,0x23,0x05,0x23,0x14,0x00,0x00,0x00,0x00,0x00,0x00,0x00,0x00,0x00,0x00,0x00,0x33,0x00,0x00,0x6629C0,0x60C7E0,0x60C978,0x60C9AB,0x60C9DE,0x00
Mage,0x07C0,0x0575,178,0x1A,0x15,0x00,0xA3,0x1E,0x10,0x01,0x02,0x03,0x03,0x03,0x06,0x05,0x3C,0x14,0x14,0x14,0x14,0x14,0x14,0x03,0x37,0x37,0x28,0x23,0x05,0x23,0x14,0x00,0x00,0x00,0x00,0x00,0x00,0x00,0x00,0x00,0x00,0x00,0x33,0x00,0x00,0x6629C0,0x60C7E0,0x60C978,0x60C9AB,0x60C9DE,0x00
Mage,0x07C0,0x0575,179,0x1A,0x15,0x00,0xA3,0x1E,0x10,0x01,0x02,0x03,0x03,0x03,0x06,0x05,0x3C,0x14,0x14,0x14,0x14,0x14,0x14,0x03,0x37,0x37,0x28,0x23,0x05,0x23,0x14,0x00,0x00,0x00,0x00,0x00,0x00,0x00,0x00,0x00,0x00,0x00,0x33,0x00,0x00,0x6629C0,0x60C7E0,0x60C978,0x60C9AB,0x60C9DE,0x00
Mage,0x07C0,0x0575,180,0x1A,0x15,0x00,0xA3,0x1E,0x10,0x01,0x02,0x03,0x03,0x03,0x06,0x05,0x3C,0x14,0x14,0x14,0x14,0x14,0x14,0x03,0x37,0x37,0x28,0x23,0x05,0x23,0x14,0x00,0x00,0x00,0x00,0x00,0x00,0x00,0x00,0x00,0x00,0x00,0x33,0x00,0x00,0x6629C0,0x60C7E0,0x60C978,0x60C9AB,0x60C9DE,0x00
Mage,0x07C0,0x0575,181,0x1A,0x15,0x00,0xA3,0x1E,0x10,0x01,0x02,0x03,0x03,0x03,0x06,0x05,0x3C,0x14,0x14,0x14,0x14,0x14,0x14,0x03,0x37,0x37,0x28,0x23,0x05,0x23,0x14,0x00,0x00,0x00,0x00,0x00,0x00,0x00,0x00,0x00,0x00,0x00,0x33,0x00,0x00,0x6629C0,0x60C7E0,0x60C978,0x60C9AB,0x60C9DE,0x00
Mage,0x07C0,0x0575,182,0x1A,0x15,0x00,0xA3,0x1E,0x10,0x01,0x02,0x03,0x03,0x03,0x06,0x05,0x3C,0x14,0x14,0x14,0x14,0x14,0x14,0x03,0x37,0x37,0x28,0x23,0x05,0x23,0x14,0x00,0x00,0x00,0x00,0x00,0x00,0x00,0x00,0x00,0x00,0x00,0x33,0x00,0x00,0x6629C0,0x60C7E0,0x60C978,0x60C9AB,0x60C9DE,0x00
Mage,0x07C0,0x0575,183,0x1A,0x15,0x00,0xA3,0x1E,0x10,0x01,0x02,0x03,0x03,0x03,0x06,0x05,0x3C,0x14,0x14,0x14,0x14,0x14,0x14,0x03,0x37,0x37,0x28,0x23,0x05,0x23,0x14,0x00,0x00,0x00,0x00,0x00,0x00,0x00,0x00,0x00,0x00,0x00,0x33,0x00,0x00,0x6629C0,0x60C7E0,0x60C978,0x60C9AB,0x60C9DE,0x00
Mage,0x07C0,0x0575,184,0x1A,0x15,0x00,0xA3,0x1E,0x10,0x01,0x02,0x03,0x03,0x03,0x06,0x05,0x3C,0x14,0x14,0x14,0x14,0x14,0x14,0x03,0x37,0x37,0x28,0x23,0x05,0x23,0x14,0x00,0x00,0x00,0x00,0x00,0x00,0x00,0x00,0x00,0x00,0x00,0x33,0x00,0x00,0x6629C0,0x60C7E0,0x60C978,0x60C9AB,0x60C9DE,0x00
Mage,0x07C0,0x0575,185,0x1A,0x15,0x00,0xA3,0x1E,0x10,0x01,0x02,0x03,0x03,0x03,0x06,0x05,0x3C,0x14,0x14,0x14,0x14,0x14,0x14,0x03,0x37,0x37,0x28,0x23,0x05,0x23,0x14,0x00,0x00,0x00,0x00,0x00,0x00,0x00,0x00,0x00,0x00,0x00,0x33,0x00,0x00,0x6629C0,0x60C7E0,0x60C978,0x60C9AB,0x60C9DE,0x00
Mage,0x07C0,0x0575,186,0x1A,0x15,0x00,0xA3,0x1E,0x10,0x01,0x02,0x03,0x03,0x03,0x06,0x05,0x3C,0x14,0x14,0x14,0x14,0x14,0x14,0x03,0x37,0x37,0x28,0x23,0x05,0x23,0x14,0x00,0x00,0x00,0x00,0x00,0x00,0x00,0x00,0x00,0x00,0x00,0x33,0x00,0x00,0x6629C0,0x60C7E0,0x60C978,0x60C9AB,0x60C9DE,0x00
Mage,0x07C0,0x0575,187,0x1A,0x15,0x00,0xA3,0x1E,0x10,0x01,0x02,0x03,0x03,0x03,0x06,0x05,0x3C,0x14,0x14,0x14,0x14,0x14,0x14,0x03,0x37,0x37,0x28,0x23,0x05,0x23,0x14,0x00,0x00,0x00,0x00,0x00,0x00,0x00,0x00,0x00,0x00,0x00,0x33,0x00,0x00,0x6629C0,0x60C7E0,0x60C978,0x60C9AB,0x60C9DE,0x00
Mage,0x07C0,0x0575,188,0x1A,0x15,0x00,0xA3,0x1E,0x10,0x01,0x02,0x03,0x03,0x03,0x06,0x05,0x3C,0x14,0x14,0x14,0x14,0x14,0x14,0x03,0x37,0x37,0x28,0x23,0x05,0x23,0x14,0x00,0x00,0x00,0x00,0x00,0x00,0x00,0x00,0x00,0x00,0x00,0x33,0x00,0x00,0x6629C0,0x60C7E0,0x60C978,0x60C9AB,0x60C9DE,0x00
Mage,0x07C0,0x0575,189,0x1A,0x15,0x00,0xA3,0x1E,0x10,0x01,0x02,0x03,0x03,0x03,0x06,0x05,0x3C,0x14,0x14,0x14,0x14,0x14,0x14,0x03,0x37,0x37,0x28,0x23,0x05,0x23,0x14,0x00,0x00,0x00,0x00,0x00,0x00,0x00,0x00,0x00,0x00,0x00,0x33,0x00,0x00,0x6629C0,0x60C7E0,0x60C978,0x60C9AB,0x60C9DE,0x00
Mage,0x07C0,0x0575,190,0x1A,0x15,0x00,0xA3,0x1E,0x10,0x01,0x02,0x03,0x03,0x03,0x06,0x05,0x3C,0x14,0x14,0x14,0x14,0x14,0x14,0x03,0x37,0x37,0x28,0x23,0x05,0x23,0x14,0x00,0x00,0x00,0x00,0x00,0x00,0x00,0x00,0x00,0x00,0x00,0x33,0x00,0x00,0x6629C0,0x60C7E0,0x60C978,0x60C9AB,0x60C9DE,0x00
Mage,0x07C0,0x0575,191,0x1A,0x15,0x00,0xA3,0x1E,0x10,0x01,0x02,0x03,0x03,0x03,0x06,0x05,0x3C,0x14,0x14,0x14,0x14,0x14,0x14,0x03,0x37,0x37,0x28,0x23,0x05,0x23,0x14,0x00,0x00,0x00,0x00,0x00,0x00,0x00,0x00,0x00,0x00,0x00,0x33,0x00,0x00,0x6629C0,0x60C7E0,0x60C978,0x60C9AB,0x60C9DE,0x00
Mage,0x07C0,0x0575,192,0x1A,0x15,0x00,0xA3,0x1E,0x10,0x01,0x02,0x03,0x03,0x03,0x06,0x05,0x3C,0x14,0x14,0x14,0x14,0x14,0x14,0x03,0x37,0x37,0x28,0x23,0x05,0x23,0x14,0x00,0x00,0x00,0x00,0x00,0x00,0x00,0x00,0x00,0x00,0x00,0x33,0x00,0x00,0x6629C0,0x60C7E0,0x60C978,0x60C9AB,0x60C9DE,0x00
Mage,0x07C0,0x0575,193,0x1A,0x15,0x00,0xA3,0x1E,0x10,0x01,0x02,0x03,0x03,0x03,0x06,0x05,0x3C,0x14,0x14,0x14,0x14,0x14,0x14,0x03,0x37,0x37,0x28,0x23,0x05,0x23,0x14,0x00,0x00,0x00,0x00,0x00,0x00,0x00,0x00,0x00,0x00,0x00,0x33,0x00,0x00,0x6629C0,0x60C7E0,0x60C978,0x60C9AB,0x60C9DE,0x00
Mage,0x07C0,0x0575,194,0x1A,0x15,0x00,0xA3,0x1E,0x10,0x01,0x02,0x03,0x03,0x03,0x06,0x05,0x3C,0x14,0x14,0x14,0x14,0x14,0x14,0x03,0x37,0x37,0x28,0x23,0x05,0x23,0x14,0x00,0x00,0x00,0x00,0x00,0x00,0x00,0x00,0x00,0x00,0x00,0x33,0x00,0x00,0x6629C0,0x60C7E0,0x60C978,0x60C9AB,0x60C9DE,0x00
Mage,0x07C0,0x0575,195,0x1A,0x15,0x00,0xA3,0x1E,0x10,0x01,0x02,0x03,0x03,0x03,0x06,0x05,0x3C,0x14,0x14,0x14,0x14,0x14,0x14,0x03,0x37,0x37,0x28,0x23,0x05,0x23,0x14,0x00,0x00,0x00,0x00,0x00,0x00,0x00,0x00,0x00,0x00,0x00,0x33,0x00,0x00,0x6629C0,0x60C7E0,0x60C978,0x60C9AB,0x60C9DE,0x00
Mage,0x07C0,0x0575,196,0x1A,0x15,0x00,0xA3,0x1E,0x10,0x01,0x02,0x03,0x03,0x03,0x06,0x05,0x3C,0x14,0x14,0x14,0x14,0x14,0x14,0x03,0x37,0x37,0x28,0x23,0x05,0x23,0x14,0x00,0x00,0x00,0x00,0x00,0x00,0x00,0x00,0x00,0x00,0x00,0x33,0x00,0x00,0x6629C0,0x60C7E0,0x60C978,0x60C9AB,0x60C9DE,0x00
Mage,0x07C0,0x0575,197,0x1A,0x15,0x00,0xA3,0x1E,0x10,0x01,0x02,0x03,0x03,0x03,0x06,0x05,0x3C,0x14,0x14,0x14,0x14,0x14,0x14,0x03,0x37,0x37,0x28,0x23,0x05,0x23,0x14,0x00,0x00,0x00,0x00,0x00,0x00,0x00,0x00,0x00,0x00,0x00,0x33,0x00,0x00,0x6629C0,0x60C7E0,0x60C978,0x60C9AB,0x60C9DE,0x00
Mage,0x07C0,0x0575,198,0x1A,0x15,0x00,0xA3,0x1E,0x10,0x01,0x02,0x03,0x03,0x03,0x06,0x05,0x3C,0x14,0x14,0x14,0x14,0x14,0x14,0x03,0x37,0x37,0x28,0x23,0x05,0x23,0x14,0x00,0x00,0x00,0x00,0x00,0x00,0x00,0x00,0x00,0x00,0x00,0x33,0x00,0x00,0x6629C0,0x60C7E0,0x60C978,0x60C9AB,0x60C9DE,0x00
Mage,0x07C0,0x0575,199,0x1A,0x15,0x00,0xA3,0x1E,0x10,0x01,0x02,0x03,0x03,0x03,0x06,0x05,0x3C,0x14,0x14,0x14,0x14,0x14,0x14,0x03,0x37,0x37,0x28,0x23,0x05,0x23,0x14,0x00,0x00,0x00,0x00,0x00,0x00,0x00,0x00,0x00,0x00,0x00,0x33,0x00,0x00,0x6629C0,0x60C7E0,0x60C978,0x60C9AB,0x60C9DE,0x00
Mage,0x07C0,0x0575,200,0x1A,0x15,0x00,0xA3,0x1E,0x10,0x01,0x02,0x03,0x03,0x03,0x06,0x05,0x3C,0x14,0x14,0x14,0x14,0x14,0x14,0x03,0x37,0x37,0x28,0x23,0x05,0x23,0x14,0x00,0x00,0x00,0x00,0x00,0x00,0x00,0x00,0x00,0x00,0x00,0x33,0x00,0x00,0x6629C0,0x60C7E0,0x60C978,0x60C9AB,0x60C9DE,0x00
Mage,0x07C0,0x0575,201,0x1A,0x15,0x00,0xA3,0x1E,0x10,0x01,0x02,0x03,0x03,0x03,0x06,0x05,0x3C,0x14,0x14,0x14,0x14,0x14,0x14,0x03,0x37,0x37,0x28,0x23,0x05,0x23,0x14,0x00,0x00,0x00,0x00,0x00,0x00,0x00,0x00,0x00,0x00,0x00,0x33,0x00,0x00,0x6629C0,0x60C7E0,0x60C978,0x60C9AB,0x60C9DE,0x00
Mage,0x07C0,0x0575,202,0x1A,0x15,0x00,0xA3,0x1E,0x10,0x01,0x02,0x03,0x03,0x03,0x06,0x05,0x3C,0x14,0x14,0x14,0x14,0x14,0x14,0x03,0x37,0x37,0x28,0x23,0x05,0x23,0x14,0x00,0x00,0x00,0x00,0x00,0x00,0x00,0x00,0x00,0x00,0x00,0x33,0x00,0x00,0x6629C0,0x60C7E0,0x60C978,0x60C9AB,0x60C9DE,0x00
Mage,0x07C0,0x0575,203,0x1A,0x15,0x00,0xA3,0x1E,0x10,0x01,0x02,0x03,0x03,0x03,0x06,0x05,0x3C,0x14,0x14,0x14,0x14,0x14,0x14,0x03,0x37,0x37,0x28,0x23,0x05,0x23,0x14,0x00,0x00,0x00,0x00,0x00,0x00,0x00,0x00,0x00,0x00,0x00,0x33,0x00,0x00,0x6629C0,0x60C7E0,0x60C978,0x60C9AB,0x60C9DE,0x00
Mage,0x07C0,0x0575,204,0x1A,0x15,0x00,0xA3,0x1E,0x10,0x01,0x02,0x03,0x03,0x03,0x06,0x05,0x3C,0x14,0x14,0x14,0x14,0x14,0x14,0x03,0x37,0x37,0x28,0x23,0x05,0x23,0x14,0x00,0x00,0x00,0x00,0x00,0x00,0x00,0x00,0x00,0x00,0x00,0x33,0x00,0x00,0x6629C0,0x60C7E0,0x60C978,0x60C9AB,0x60C9DE,0x00
Mage,0x07C0,0x0575,205,0x1A,0x15,0x00,0xA3,0x1E,0x10,0x01,0x02,0x03,0x03,0x03,0x06,0x05,0x3C,0x14,0x14,0x14,0x14,0x14,0x14,0x03,0x37,0x37,0x28,0x23,0x05,0x23,0x14,0x00,0x00,0x00,0x00,0x00,0x00,0x00,0x00,0x00,0x00,0x00,0x33,0x00,0x00,0x6629C0,0x60C7E0,0x60C978,0x60C9AB,0x60C9DE,0x00
Mage,0x07C0,0x0575,206,0x1A,0x15,0x00,0xA3,0x1E,0x10,0x01,0x02,0x03,0x03,0x03,0x06,0x05,0x3C,0x14,0x14,0x14,0x14,0x14,0x14,0x03,0x37,0x37,0x28,0x23,0x05,0x23,0x14,0x00,0x00,0x00,0x00,0x00,0x00,0x00,0x00,0x00,0x00,0x00,0x33,0x00,0x00,0x6629C0,0x60C7E0,0x60C978,0x60C9AB,0x60C9DE,0x00
Mage,0x07C0,0x0575,207,0x1A,0x15,0x00,0xA3,0x1E,0x10,0x01,0x02,0x03,0x03,0x03,0x06,0x05,0x3C,0x14,0x14,0x14,0x14,0x14,0x14,0x03,0x37,0x37,0x28,0x23,0x05,0x23,0x14,0x00,0x00,0x00,0x00,0x00,0x00,0x00,0x00,0x00,0x00,0x00,0x33,0x00,0x00,0x6629C0,0x60C7E0,0x60C978,0x60C9AB,0x60C9DE,0x00
Mage,0x07C0,0x0575,208,0x1A,0x15,0x00,0xA3,0x1E,0x10,0x01,0x02,0x03,0x03,0x03,0x06,0x05,0x3C,0x14,0x14,0x14,0x14,0x14,0x14,0x03,0x37,0x37,0x28,0x23,0x05,0x23,0x14,0x00,0x00,0x00,0x00,0x00,0x00,0x00,0x00,0x00,0x00,0x00,0x33,0x00,0x00,0x6629C0,0x60C7E0,0x60C978,0x60C9AB,0x60C9DE,0x00
Mage,0x07C0,0x0575,209,0x1A,0x15,0x00,0xA3,0x1E,0x10,0x01,0x02,0x03,0x03,0x03,0x06,0x05,0x3C,0x14,0x14,0x14,0x14,0x14,0x14,0x03,0x37,0x37,0x28,0x23,0x05,0x23,0x14,0x00,0x00,0x00,0x00,0x00,0x00,0x00,0x00,0x00,0x00,0x00,0x33,0x00,0x00,0x6629C0,0x60C7E0,0x60C978,0x60C9AB,0x60C9DE,0x00
Mage,0x07C0,0x0575,210,0x1A,0x15,0x00,0xA3,0x1E,0x10,0x01,0x02,0x03,0x03,0x03,0x06,0x05,0x3C,0x14,0x14,0x14,0x14,0x14,0x14,0x03,0x37,0x37,0x28,0x23,0x05,0x23,0x14,0x00,0x00,0x00,0x00,0x00,0x00,0x00,0x00,0x00,0x00,0x00,0x33,0x00,0x00,0x6629C0,0x60C7E0,0x60C978,0x60C9AB,0x60C9DE,0x00
Mage,0x07C0,0x0575,211,0x1A,0x15,0x00,0xA3,0x1E,0x10,0x01,0x02,0x03,0x03,0x03,0x06,0x05,0x3C,0x14,0x14,0x14,0x14,0x14,0x14,0x03,0x37,0x37,0x28,0x23,0x05,0x23,0x14,0x00,0x00,0x00,0x00,0x00,0x00,0x00,0x00,0x00,0x00,0x00,0x33,0x00,0x00,0x6629C0,0x60C7E0,0x60C978,0x60C9AB,0x60C9DE,0x00
Mage,0x07C0,0x0575,212,0x1A,0x15,0x00,0xA3,0x1E,0x10,0x01,0x02,0x03,0x03,0x03,0x06,0x05,0x3C,0x14,0x14,0x14,0x14,0x14,0x14,0x03,0x37,0x37,0x28,0x23,0x05,0x23,0x14,0x00,0x00,0x00,0x00,0x00,0x00,0x00,0x00,0x00,0x00,0x00,0x33,0x00,0x00,0x6629C0,0x60C7E0,0x60C978,0x60C9AB,0x60C9DE,0x00
Mage,0x07C0,0x0575,213,0x1A,0x15,0x00,0xA3,0x1E,0x10,0x01,0x02,0x03,0x03,0x03,0x06,0x05,0x3C,0x14,0x14,0x14,0x14,0x14,0x14,0x03,0x37,0x37,0x28,0x23,0x05,0x23,0x14,0x00,0x00,0x00,0x00,0x00,0x00,0x00,0x00,0x00,0x00,0x00,0x33,0x00,0x00,0x6629C0,0x60C7E0,0x60C978,0x60C9AB,0x60C9DE,0x00
Mage,0x07C0,0x0575,214,0x1A,0x15,0x00,0xA3,0x1E,0x10,0x01,0x02,0x03,0x03,0x03,0x06,0x05,0x3C,0x14,0x14,0x14,0x14,0x14,0x14,0x03,0x37,0x37,0x28,0x23,0x05,0x23,0x14,0x00,0x00,0x00,0x00,0x00,0x00,0x00,0x00,0x00,0x00,0x00,0x33,0x00,0x00,0x6629C0,0x60C7E0,0x60C978,0x60C9AB,0x60C9DE,0x00
Mage,0x07C0,0x0575,215,0x1A,0x15,0x00,0xA3,0x1E,0x10,0x01,0x02,0x03,0x03,0x03,0x06,0x05,0x3C,0x14,0x14,0x14,0x14,0x14,0x14,0x03,0x37,0x37,0x28,0x23,0x05,0x23,0x14,0x00,0x00,0x00,0x00,0x00,0x00,0x00,0x00,0x00,0x00,0x00,0x33,0x00,0x00,0x6629C0,0x60C7E0,0x60C978,0x60C9AB,0x60C9DE,0x00
Mage,0x07C0,0x0575,216,0x1A,0x15,0x00,0xA3,0x1E,0x10,0x01,0x02,0x03,0x03,0x03,0x06,0x05,0x3C,0x14,0x14,0x14,0x14,0x14,0x14,0x03,0x37,0x37,0x28,0x23,0x05,0x23,0x14,0x00,0x00,0x00,0x00,0x00,0x00,0x00,0x00,0x00,0x00,0x00,0x33,0x00,0x00,0x6629C0,0x60C7E0,0x60C978,0x60C9AB,0x60C9DE,0x00
Mage,0x07C0,0x0575,217,0x1A,0x15,0x00,0xA3,0x1E,0x10,0x01,0x02,0x03,0x03,0x03,0x06,0x05,0x3C,0x14,0x14,0x14,0x14,0x14,0x14,0x03,0x37,0x37,0x28,0x23,0x05,0x23,0x14,0x00,0x00,0x00,0x00,0x00,0x00,0x00,0x00,0x00,0x00,0x00,0x33,0x00,0x00,0x6629C0,0x60C7E0,0x60C978,0x60C9AB,0x60C9DE,0x00
Mage,0x07C0,0x0575,218,0x1A,0x15,0x00,0xA3,0x1E,0x10,0x01,0x02,0x03,0x03,0x03,0x06,0x05,0x3C,0x14,0x14,0x14,0x14,0x14,0x14,0x03,0x37,0x37,0x28,0x23,0x05,0x23,0x14,0x00,0x00,0x00,0x00,0x00,0x00,0x00,0x00,0x00,0x00,0x00,0x33,0x00,0x00,0x6629C0,0x60C7E0,0x60C978,0x60C9AB,0x60C9DE,0x00
Mage,0x07C0,0x0575,219,0x1A,0x15,0x00,0xA3,0x1E,0x10,0x01,0x02,0x03,0x03,0x03,0x06,0x05,0x3C,0x14,0x14,0x14,0x14,0x14,0x14,0x03,0x37,0x37,0x28,0x23,0x05,0x23,0x14,0x00,0x00,0x00,0x00,0x00,0x00,0x00,0x00,0x00,0x00,0x00,0x33,0x00,0x00,0x6629C0,0x60C7E0,0x60C978,0x60C9AB,0x60C9DE,0x00
Mage,0x07C0,0x0575,220,0x1A,0x15,0x00,0xA3,0x1E,0x10,0x01,0x02,0x03,0x03,0x03,0x06,0x05,0x3C,0x14,0x14,0x14,0x14,0x14,0x14,0x03,0x37,0x37,0x28,0x23,0x05,0x23,0x14,0x00,0x00,0x00,0x00,0x00,0x00,0x00,0x00,0x00,0x00,0x00,0x33,0x00,0x00,0x6629C0,0x60C7E0,0x60C978,0x60C9AB,0x60C9DE,0x00
Mage,0x07C0,0x0575,221,0x1A,0x15,0x00,0xA3,0x1E,0x10,0x01,0x02,0x03,0x03,0x03,0x06,0x05,0x3C,0x14,0x14,0x14,0x14,0x14,0x14,0x03,0x37,0x37,0x28,0x23,0x05,0x23,0x14,0x00,0x00,0x00,0x00,0x00,0x00,0x00,0x00,0x00,0x00,0x00,0x33,0x00,0x00,0x6629C0,0x60C7E0,0x60C978,0x60C9AB,0x60C9DE,0x00
Mage,0x07C0,0x0575,222,0x1A,0x15,0x00,0xA3,0x1E,0x10,0x01,0x02,0x03,0x03,0x03,0x06,0x05,0x3C,0x14,0x14,0x14,0x14,0x14,0x14,0x03,0x37,0x37,0x28,0x23,0x05,0x23,0x14,0x00,0x00,0x00,0x00,0x00,0x00,0x00,0x00,0x00,0x00,0x00,0x33,0x00,0x00,0x6629C0,0x60C7E0,0x60C978,0x60C9AB,0x60C9DE,0x00
Mage,0x07C0,0x0575,223,0x1A,0x15,0x00,0xA3,0x1E,0x10,0x01,0x02,0x03,0x03,0x03,0x06,0x05,0x3C,0x14,0x14,0x14,0x14,0x14,0x14,0x03,0x37,0x37,0x28,0x23,0x05,0x23,0x14,0x00,0x00,0x00,0x00,0x00,0x00,0x00,0x00,0x00,0x00,0x00,0x33,0x00,0x00,0x6629C0,0x60C7E0,0x60C978,0x60C9AB,0x60C9DE,0x00
Mage,0x07C0,0x0575,224,0x1A,0x15,0x00,0xA3,0x1E,0x10,0x01,0x02,0x03,0x03,0x03,0x06,0x05,0x3C,0x14,0x14,0x14,0x14,0x14,0x14,0x03,0x37,0x37,0x28,0x23,0x05,0x23,0x14,0x00,0x00,0x00,0x00,0x00,0x00,0x00,0x00,0x00,0x00,0x00,0x33,0x00,0x00,0x6629C0,0x60C7E0,0x60C978,0x60C9AB,0x60C9DE,0x00
Mage,0x07C0,0x0575,225,0x1A,0x15,0x00,0xA3,0x1E,0x10,0x01,0x02,0x03,0x03,0x03,0x06,0x05,0x3C,0x14,0x14,0x14,0x14,0x14,0x14,0x03,0x37,0x37,0x28,0x23,0x05,0x23,0x14,0x00,0x00,0x00,0x00,0x00,0x00,0x00,0x00,0x00,0x00,0x00,0x33,0x00,0x00,0x6629C0,0x60C7E0,0x60C978,0x60C9AB,0x60C9DE,0x00
Mage,0x07C0,0x0575,226,0x1A,0x15,0x00,0xA3,0x1E,0x10,0x01,0x02,0x03,0x03,0x03,0x06,0x05,0x3C,0x14,0x14,0x14,0x14,0x14,0x14,0x03,0x37,0x37,0x28,0x23,0x05,0x23,0x14,0x00,0x00,0x00,0x00,0x00,0x00,0x00,0x00,0x00,0x00,0x00,0x33,0x00,0x00,0x6629C0,0x60C7E0,0x60C978,0x60C9AB,0x60C9DE,0x00
Mage,0x07C0,0x0575,227,0x1A,0x15,0x00,0xA3,0x1E,0x10,0x01,0x02,0x03,0x03,0x03,0x06,0x05,0x3C,0x14,0x14,0x14,0x14,0x14,0x14,0x03,0x37,0x37,0x28,0x23,0x05,0x23,0x14,0x00,0x00,0x00,0x00,0x00,0x00,0x00,0x00,0x00,0x00,0x00,0x33,0x00,0x00,0x6629C0,0x60C7E0,0x60C978,0x60C9AB,0x60C9DE,0x00
Mage,0x07C0,0x0575,228,0x1A,0x15,0x00,0xA3,0x1E,0x10,0x01,0x02,0x03,0x03,0x03,0x06,0x05,0x3C,0x14,0x14,0x14,0x14,0x14,0x14,0x03,0x37,0x37,0x28,0x23,0x05,0x23,0x14,0x00,0x00,0x00,0x00,0x00,0x00,0x00,0x00,0x00,0x00,0x00,0x33,0x00,0x00,0x6629C0,0x60C7E0,0x60C978,0x60C9AB,0x60C9DE,0x00
Mage,0x07C0,0x0575,229,0x1A,0x15,0x00,0xA3,0x1E,0x10,0x01,0x02,0x03,0x03,0x03,0x06,0x05,0x3C,0x14,0x14,0x14,0x14,0x14,0x14,0x03,0x37,0x37,0x28,0x23,0x05,0x23,0x14,0x00,0x00,0x00,0x00,0x00,0x00,0x00,0x00,0x00,0x00,0x00,0x33,0x00,0x00,0x6629C0,0x60C7E0,0x60C978,0x60C9AB,0x60C9DE,0x00
Mage,0x07C0,0x0575,230,0x1A,0x15,0x00,0xA3,0x1E,0x10,0x01,0x02,0x03,0x03,0x03,0x06,0x05,0x3C,0x14,0x14,0x14,0x14,0x14,0x14,0x03,0x37,0x37,0x28,0x23,0x05,0x23,0x14,0x00,0x00,0x00,0x00,0x00,0x00,0x00,0x00,0x00,0x00,0x00,0x33,0x00,0x00,0x6629C0,0x60C7E0,0x60C978,0x60C9AB,0x60C9DE,0x00
Mage,0x07C0,0x0575,231,0x1A,0x15,0x00,0xA3,0x1E,0x10,0x01,0x02,0x03,0x03,0x03,0x06,0x05,0x3C,0x14,0x14,0x14,0x14,0x14,0x14,0x03,0x37,0x37,0x28,0x23,0x05,0x23,0x14,0x00,0x00,0x00,0x00,0x00,0x00,0x00,0x00,0x00,0x00,0x00,0x33,0x00,0x00,0x6629C0,0x60C7E0,0x60C978,0x60C9AB,0x60C9DE,0x00
Mage,0x07C0,0x0575,232,0x1A,0x15,0x00,0xA3,0x1E,0x10,0x01,0x02,0x03,0x03,0x03,0x06,0x05,0x3C,0x14,0x14,0x14,0x14,0x14,0x14,0x03,0x37,0x37,0x28,0x23,0x05,0x23,0x14,0x00,0x00,0x00,0x00,0x00,0x00,0x00,0x00,0x00,0x00,0x00,0x33,0x00,0x00,0x6629C0,0x60C7E0,0x60C978,0x60C9AB,0x60C9DE,0x00
Mage,0x07C0,0x0575,233,0x1A,0x15,0x00,0xA3,0x1E,0x10,0x01,0x02,0x03,0x03,0x03,0x06,0x05,0x3C,0x14,0x14,0x14,0x14,0x14,0x14,0x03,0x37,0x37,0x28,0x23,0x05,0x23,0x14,0x00,0x00,0x00,0x00,0x00,0x00,0x00,0x00,0x00,0x00,0x00,0x33,0x00,0x00,0x6629C0,0x60C7E0,0x60C978,0x60C9AB,0x60C9DE,0x00
Mage,0x07C0,0x0575,234,0x1A,0x15,0x00,0xA3,0x1E,0x10,0x01,0x02,0x03,0x03,0x03,0x06,0x05,0x3C,0x14,0x14,0x14,0x14,0x14,0x14,0x03,0x37,0x37,0x28,0x23,0x05,0x23,0x14,0x00,0x00,0x00,0x00,0x00,0x00,0x00,0x00,0x00,0x00,0x00,0x33,0x00,0x00,0x6629C0,0x60C7E0,0x60C978,0x60C9AB,0x60C9DE,0x00
Mage,0x07C0,0x0575,235,0x1A,0x15,0x00,0xA3,0x1E,0x10,0x01,0x02,0x03,0x03,0x03,0x06,0x05,0x3C,0x14,0x14,0x14,0x14,0x14,0x14,0x03,0x37,0x37,0x28,0x23,0x05,0x23,0x14,0x00,0x00,0x00,0x00,0x00,0x00,0x00,0x00,0x00,0x00,0x00,0x33,0x00,0x00,0x6629C0,0x60C7E0,0x60C978,0x60C9AB,0x60C9DE,0x00
Mage,0x07C0,0x0575,236,0x1A,0x15,0x00,0xA3,0x1E,0x10,0x01,0x02,0x03,0x03,0x03,0x06,0x05,0x3C,0x14,0x14,0x14,0x14,0x14,0x14,0x03,0x37,0x37,0x28,0x23,0x05,0x23,0x14,0x00,0x00,0x00,0x00,0x00,0x00,0x00,0x00,0x00,0x00,0x00,0x33,0x00,0x00,0x6629C0,0x60C7E0,0x60C978,0x60C9AB,0x60C9DE,0x00
Mage,0x07C0,0x0575,237,0x1A,0x15,0x00,0xA3,0x1E,0x10,0x01,0x02,0x03,0x03,0x03,0x06,0x05,0x3C,0x14,0x14,0x14,0x14,0x14,0x14,0x03,0x37,0x37,0x28,0x23,0x05,0x23,0x14,0x00,0x00,0x00,0x00,0x00,0x00,0x00,0x00,0x00,0x00,0x00,0x33,0x00,0x00,0x6629C0,0x60C7E0,0x60C978,0x60C9AB,0x60C9DE,0x00
Mage,0x07C0,0x0575,238,0x1A,0x15,0x00,0xA3,0x1E,0x10,0x01,0x02,0x03,0x03,0x03,0x06,0x05,0x3C,0x14,0x14,0x14,0x14,0x14,0x14,0x03,0x37,0x37,0x28,0x23,0x05,0x23,0x14,0x00,0x00,0x00,0x00,0x00,0x00,0x00,0x00,0x00,0x00,0x00,0x33,0x00,0x00,0x6629C0,0x60C7E0,0x60C978,0x60C9AB,0x60C9DE,0x00
Mage,0x07C0,0x0575,239,0x1A,0x15,0x00,0xA3,0x1E,0x10,0x01,0x02,0x03,0x03,0x03,0x06,0x05,0x3C,0x14,0x14,0x14,0x14,0x14,0x14,0x03,0x37,0x37,0x28,0x23,0x05,0x23,0x14,0x00,0x00,0x00,0x00,0x00,0x00,0x00,0x00,0x00,0x00,0x00,0x33,0x00,0x00,0x6629C0,0x60C7E0,0x60C978,0x60C9AB,0x60C9DE,0x00
Mage,0x07C0,0x0575,240,0x1A,0x15,0x00,0xA3,0x1E,0x10,0x01,0x02,0x03,0x03,0x03,0x06,0x05,0x3C,0x14,0x14,0x14,0x14,0x14,0x14,0x03,0x37,0x37,0x28,0x23,0x05,0x23,0x14,0x00,0x00,0x00,0x00,0x00,0x00,0x00,0x00,0x00,0x00,0x00,0x33,0x00,0x00,0x6629C0,0x60C7E0,0x60C978,0x60C9AB,0x60C9DE,0x00
Mage,0x07C0,0x0575,241,0x1A,0x15,0x00,0xA3,0x1E,0x10,0x01,0x02,0x03,0x03,0x03,0x06,0x05,0x3C,0x14,0x14,0x14,0x14,0x14,0x14,0x03,0x37,0x37,0x28,0x23,0x05,0x23,0x14,0x00,0x00,0x00,0x00,0x00,0x00,0x00,0x00,0x00,0x00,0x00,0x33,0x00,0x00,0x6629C0,0x60C7E0,0x60C978,0x60C9AB,0x60C9DE,0x00
Mage,0x07C0,0x0575,242,0x1A,0x15,0x00,0xA3,0x1E,0x10,0x01,0x02,0x03,0x03,0x03,0x06,0x05,0x3C,0x14,0x14,0x14,0x14,0x14,0x14,0x03,0x37,0x37,0x28,0x23,0x05,0x23,0x14,0x00,0x00,0x00,0x00,0x00,0x00,0x00,0x00,0x00,0x00,0x00,0x33,0x00,0x00,0x6629C0,0x60C7E0,0x60C978,0x60C9AB,0x60C9DE,0x00
Mage,0x07C0,0x0575,243,0x1A,0x15,0x00,0xA3,0x1E,0x10,0x01,0x02,0x03,0x03,0x03,0x06,0x05,0x3C,0x14,0x14,0x14,0x14,0x14,0x14,0x03,0x37,0x37,0x28,0x23,0x05,0x23,0x14,0x00,0x00,0x00,0x00,0x00,0x00,0x00,0x00,0x00,0x00,0x00,0x33,0x00,0x00,0x6629C0,0x60C7E0,0x60C978,0x60C9AB,0x60C9DE,0x00
Mage,0x07C0,0x0575,244,0x1A,0x15,0x00,0xA3,0x1E,0x10,0x01,0x02,0x03,0x03,0x03,0x06,0x05,0x3C,0x14,0x14,0x14,0x14,0x14,0x14,0x03,0x37,0x37,0x28,0x23,0x05,0x23,0x14,0x00,0x00,0x00,0x00,0x00,0x00,0x00,0x00,0x00,0x00,0x00,0x33,0x00,0x00,0x6629C0,0x60C7E0,0x60C978,0x60C9AB,0x60C9DE,0x00
Mage,0x07C0,0x0575,245,0x1A,0x15,0x00,0xA3,0x1E,0x10,0x01,0x02,0x03,0x03,0x03,0x06,0x05,0x3C,0x14,0x14,0x14,0x14,0x14,0x14,0x03,0x37,0x37,0x28,0x23,0x05,0x23,0x14,0x00,0x00,0x00,0x00,0x00,0x00,0x00,0x00,0x00,0x00,0x00,0x33,0x00,0x00,0x6629C0,0x60C7E0,0x60C978,0x60C9AB,0x60C9DE,0x00
Mage,0x07C0,0x0575,246,0x1A,0x15,0x00,0xA3,0x1E,0x10,0x01,0x02,0x03,0x03,0x03,0x06,0x05,0x3C,0x14,0x14,0x14,0x14,0x14,0x14,0x03,0x37,0x37,0x28,0x23,0x05,0x23,0x14,0x00,0x00,0x00,0x00,0x00,0x00,0x00,0x00,0x00,0x00,0x00,0x33,0x00,0x00,0x6629C0,0x60C7E0,0x60C978,0x60C9AB,0x60C9DE,0x00
Mage,0x07C0,0x0575,247,0x1A,0x15,0x00,0xA3,0x1E,0x10,0x01,0x02,0x03,0x03,0x03,0x06,0x05,0x3C,0x14,0x14,0x14,0x14,0x14,0x14,0x03,0x37,0x37,0x28,0x23,0x05,0x23,0x14,0x00,0x00,0x00,0x00,0x00,0x00,0x00,0x00,0x00,0x00,0x00,0x33,0x00,0x00,0x6629C0,0x60C7E0,0x60C978,0x60C9AB,0x60C9DE,0x00
Mage,0x07C0,0x0575,248,0x1A,0x15,0x00,0xA3,0x1E,0x10,0x01,0x02,0x03,0x03,0x03,0x06,0x05,0x3C,0x14,0x14,0x14,0x14,0x14,0x14,0x03,0x37,0x37,0x28,0x23,0x05,0x23,0x14,0x00,0x00,0x00,0x00,0x00,0x00,0x00,0x00,0x00,0x00,0x00,0x33,0x00,0x00,0x6629C0,0x60C7E0,0x60C978,0x60C9AB,0x60C9DE,0x00
Mage,0x07C0,0x0575,249,0x1A,0x15,0x00,0xA3,0x1E,0x10,0x01,0x02,0x03,0x03,0x03,0x06,0x05,0x3C,0x14,0x14,0x14,0x14,0x14,0x14,0x03,0x37,0x37,0x28,0x23,0x05,0x23,0x14,0x00,0x00,0x00,0x00,0x00,0x00,0x00,0x00,0x00,0x00,0x00,0x33,0x00,0x00,0x6629C0,0x60C7E0,0x60C978,0x60C9AB,0x60C9DE,0x00
Mage,0x07C0,0x0575,250,0x1A,0x15,0x00,0xA3,0x1E,0x10,0x01,0x02,0x03,0x03,0x03,0x06,0x05,0x3C,0x14,0x14,0x14,0x14,0x14,0x14,0x03,0x37,0x37,0x28,0x23,0x05,0x23,0x14,0x00,0x00,0x00,0x00,0x00,0x00,0x00,0x00,0x00,0x00,0x00,0x33,0x00,0x00,0x6629C0,0x60C7E0,0x60C978,0x60C9AB,0x60C9DE,0x00
Mage,0x07C0,0x0575,251,0x1A,0x15,0x00,0xA3,0x1E,0x10,0x01,0x02,0x03,0x03,0x03,0x06,0x05,0x3C,0x14,0x14,0x14,0x14,0x14,0x14,0x03,0x37,0x37,0x28,0x23,0x05,0x23,0x14,0x00,0x00,0x00,0x00,0x00,0x00,0x00,0x00,0x00,0x00,0x00,0x33,0x00,0x00,0x6629C0,0x60C7E0,0x60C978,0x60C9AB,0x60C9DE,0x00
Mage,0x07C0,0x0575,252,0x1A,0x15,0x00,0xA3,0x1E,0x10,0x01,0x02,0x03,0x03,0x03,0x06,0x05,0x3C,0x14,0x14,0x14,0x14,0x14,0x14,0x03,0x37,0x37,0x28,0x23,0x05,0x23,0x14,0x00,0x00,0x00,0x00,0x00,0x00,0x00,0x00,0x00,0x00,0x00,0x33,0x00,0x00,0x6629C0,0x60C7E0,0x60C978,0x60C9AB,0x60C9DE,0x00
Mage,0x07C0,0x0575,253,0x1A,0x15,0x00,0xA3,0x1E,0x10,0x01,0x02,0x03,0x03,0x03,0x06,0x05,0x3C,0x14,0x14,0x14,0x14,0x14,0x14,0x03,0x37,0x37,0x28,0x23,0x05,0x23,0x14,0x00,0x00,0x00,0x00,0x00,0x00,0x00,0x00,0x00,0x00,0x00,0x33,0x00,0x00,0x6629C0,0x60C7E0,0x60C978,0x60C9AB,0x60C9DE,0x00
Mage,0x07C0,0x0575,254,0x1A,0x15,0x00,0xA3,0x1E,0x10,0x01,0x02,0x03,0x03,0x03,0x06,0x05,0x3C,0x14,0x14,0x14,0x14,0x14,0x14,0x03,0x37,0x37,0x28,0x23,0x05,0x23,0x14,0x00,0x00,0x00,0x00,0x00,0x00,0x00,0x00,0x00,0x00,0x00,0x33,0x00,0x00,0x6629C0,0x60C7E0,0x60C978,0x60C9AB,0x60C9DE,0x00
Mage,0x07C0,0x0575,255,0x1A,0x15,0x00,0xA3,0x1E,0x10,0x01,0x02,0x03,0x03,0x03,0x06,0x05,0x3C,0x14,0x14,0x14,0x14,0x14,0x14,0x03,0x37,0x37,0x28,0x23,0x05,0x23,0x14,0x00,0x00,0x00,0x00,0x00,0x00,0x00,0x00,0x00,0x00,0x00,0x33,0x00,0x00,0x6629C0,0x60C7E0,0x60C978,0x60C9AB,0x60C9DE,0x00
